seller_id,first_active_month,last_active_month,seller_vintage,primary_category
001cca7ae9ae17fb1caed9dfb1094831,2017-02,2018-07,17,garden_tools
002100f778ceb8431b7a1020ff7ab48f,2017-09,2018-04,8,furniture_decor
004c9cd9d87a3c30c522c48c4fc07416,2017-01,2018-05,17,bed_bath_table
00720abe85ba0859807595bbf045a33b,2018-01,2018-08,8,housewares
00ee68308b45bc5e2660cd833c3f81cc,2017-09,2018-08,12,bed_bath_table
00fc707aaaad2d31347cf883cd2dfe10,2018-01,2018-06,6,computers_accessories
013900e863eace745d3ec7614cab5b1a,2017-03,2018-04,7,fashion_shoes
014c0679dd340a0e338872e7ec85666a,2017-01,2018-07,12,kitchen_dining_laundry_garden_furniture
014d9a685fd57276679edd00e07089e5,2017-11,2018-08,5,stationery
0176f73cc1195f367f7b32db1e5b3aa8,2017-11,2018-08,9,bed_bath_table
01bcc9d254a0143f0ce9791b960b2a47,2017-08,2018-02,5,health_beauty
01cf7e3d21494c41fb86034f2e714fa1,2017-01,2018-02,9,air_conditioning
01fd077212124329bac32490e8ef80d9,2018-04,2018-08,5,health_beauty
01fdefa7697d26ad920e9e0346d4bd1b,2017-04,2018-08,17,health_beauty
0241d4d5d36f10f80c644447315af0bd,2017-10,2018-08,11,furniture_decor
0249d282d911d23cb8b869ab49c99f53,2017-09,2018-03,4,sports_leisure
02c988090b766852e088c69d7fb3b551,2017-07,2018-08,12,signaling_and_security
02d35243ea2e497335cd0f076b45675d,2017-04,2018-08,8,furniture_decor
02dcd3e8e25bee036e32512bcf175493,2017-10,2018-08,6,stationery
02ecc2a19303f05e59ce133fd923fff7,2017-06,2018-08,11,garden_tools
02f5837340d7eb4f653d676c7256523a,2017-11,2018-08,8,luggage_accessories
02f623a8eb246f3c5f7c2f96462654e6,2018-04,2018-08,5,sports_leisure
0417b067eeab773d2f7061a726dc477f,2018-03,2018-08,5,auto
04308b1ee57b6625f47df1d56f00eedf,2017-11,2018-08,9,health_beauty
0432ead42b6c8a0bdf68154add917fdf,2017-04,2018-07,14,toys
048c2757535328e0d7dac690ad3c0aae,2017-03,2018-08,17,fashion_shoes
04aa0a1c5ce6b222003403a3e11c3cc0,2017-03,2018-01,7,auto
04aba03279157f6d4e0fe8ccaf21963c,2017-05,2018-08,11,health_beauty
04e38a233f726ef161074ab1c9b0399a,2017-09,2018-05,7,sports_leisure
04fdea0c111866e6cf812f1570d6b5bd,2017-10,2018-01,4,computers_accessories
0509040ea3fe50071181bbc359eb7738,2017-05,2018-08,16,sports_leisure
054694fa03fe82cec4b7551487331d74,2017-01,2018-04,10,small_appliances
056b4ada5bbc2c50cc7842547dda6b51,2017-12,2018-08,9,watches_gifts
058cb5aeb36d7c0fcae20fc85d5e0a59,2017-09,2018-08,7,luggage_accessories
058fd0aa2bfdb2274e05e1ae971dabb6,2017-08,2018-06,11,perfumery
05a940b4ecae36cadfd8e93bd9c43257,2017-07,2018-02,6,cool_stuff
05d2173d43ea568aa0540eba70d2ca76,2017-09,2018-08,11,auto
05f51e13da97139648b8125c31e5f51b,2017-07,2018-03,8,baby
05ff92fedb5be47920fea08e501238b9,2017-01,2018-08,18,cool_stuff
062ce95fa2ad4dfaedfc79260130565f,2017-01,2017-09,9,furniture_decor
06579cb253ecd5a3a12a9e6eb6bf8f47,2017-08,2018-08,13,housewares
066a6914e1ebf3ea95a216c73a986b91,2017-01,2018-08,18,sports_leisure
0691148aee60ca47977c187804f935ae,2017-11,2018-08,10,sports_leisure
06a2c3af7b3aee5d69171b0e14f0ee87,2018-01,2018-08,8,health_beauty
06bb3a2fe5e7b7a845b13e8fb91bd944,2017-09,2018-07,10,health_beauty
06df0c10d34e459d9672bc77388742eb,2018-03,2018-08,6,sports_leisure
06e5eefc71ec47ae763c5c6f8db7064f,2017-04,2018-08,17,computers_accessories
070d165398b553f3b4b851c216b8a358,2017-08,2018-08,12,pet_shop
0725b8c0f3f906e58f70cbe76b7c748c,2017-01,2018-08,7,housewares
0747d5bb69f0586cc869d8af4c50f93e,2017-01,2017-06,5,perfumery
07bf9669d84d1f11be443a9dd938f698,2017-03,2018-06,10,kitchen_dining_laundry_garden_furniture
080102cd0a76b09e0dcf55fcacc60e05,2017-07,2018-08,13,computers_accessories
080199a181c46c657dc5aa235411be3b,2017-09,2018-08,12,auto
08084d990eb3f53af056ccbc1730c8a7,2018-02,2018-08,5,electronics
082e0bf4cb865a6533b1e8e498cc0255,2017-10,2018-08,7,garden_tools
08633c14ef2db992c11f840f04fad4cd,2017-12,2018-08,9,sports_leisure
0885aaf116795758dfeb5f1032487bcd,2017-12,2018-08,8,bed_bath_table
0887a9f087bcd5d9f6642b52f897fc6c,2017-02,2017-08,7,telephony
08d0949a9a17c027262db1f3c450c26c,2017-08,2018-08,7,furniture_decor
08d2d642cf72b622b14dde1d2f5eb2f5,2017-02,2017-12,8,stationery
093805f8f2aeb63881444571e1f48f30,2017-08,2018-01,6,health_beauty
094ced053e257ae8cae57205592d6712,2018-04,2018-07,4,health_beauty
099095b050cfe8eb1ddff5317587e96e,2017-12,2018-08,6,housewares
09f952a5f58d2285b0372551ae8f9b01,2017-09,2018-08,12,furniture_decor
0a85ebe4e328db81ac9109781205e2f7,2018-05,2018-08,3,furniture_decor
0ac4201fda2c68ebc0e47cb9423cf3c9,2017-06,2018-06,8,health_beauty
0adac9fbd9a2b63cccaac4f8756c1ca8,2017-01,2018-08,19,housewares
0afccdb8a34ee5c79f7c06faf2b4d56e,2017-04,2018-04,10,telephony
0b35c634521043bf4b47e21547b99ab5,2017-12,2018-08,9,construction_tools_construction
0b90b6df587eb83608a64ea8b390cf07,2017-10,2018-08,11,computers_accessories
0bae85eb84b9fb3bd773911e89288d54,2017-03,2018-08,17,housewares
0bb738e4d789e63e2267697c42d35a2d,2017-02,2018-06,13,industry_commerce_and_business
0be8ff43f22e456b4e0371b2245e4d01,2017-05,2018-08,16,sports_leisure
0bf0150d5b9d60d9cd2906003332f085,2017-02,2018-07,14,furniture_decor
0c7533c71df861ec58ad7ff999ed0e8d,2017-07,2018-07,12,perfumery
0c8380b62e38e8a1e6adbeba7eb9688c,2017-01,2018-08,17,bed_bath_table
0cbcee27c791afa0cdcb08587a2013a8,2017-02,2018-07,16,fashion_bags_accessories
0d33a55da925bbf1ff02af5f6059fc7f,2017-11,2018-08,8,books_technical
0d85bbda9889ce1f7e63778d24f346eb,2017-03,2018-03,12,stationery
0db783cfcd3b73998abc6e10e59a102f,2017-01,2018-04,16,telephony
0dd184061fb0eaa7ca37932c68ab91c5,2017-12,2018-08,9,industry_commerce_and_business
0df3984f9dfb3d49ac6366acbd3bbb85,2017-03,2018-06,16,health_beauty
0ea22c1cfbdc755f86b9b54b39c16043,2017-01,2018-08,19,fashion_bags_accessories
0eaa7e33d73809f1f925f7d07c506cbd,2017-04,2018-08,11,toys
0ebd97a106433a45a4aebe57c1799778,2017-05,2018-07,14,fashion_bags_accessories
0ed6ce5d87fd9c69eaacaeb778d67235,2017-10,2018-08,11,electronics
0ef83d7d83ed97cd2a0049ac8be5f88a,2017-11,2018-08,10,health_beauty
0ff83046c3fa22efee8ecf291888b191,2017-04,2018-04,7,sports_leisure
0ffa40d54288e4f3499b8780dd0f144f,2018-01,2018-05,5,books_technical
10076e5788b8ee532724bcd460baf762,2017-05,2018-07,11,baby
1025f0e2d44d7041d6cf58b6550e0bfa,2017-07,2018-08,14,furniture_decor
1127b7f2594683f2510f1c2c834a486b,2017-02,2018-08,19,garden_tools
11305281b50fff20ae8bb473f8e11876,2017-02,2018-08,13,home_confort
113e3a788b935f48aad63e1c41dac1bd,2017-07,2018-08,11,christmas_supplies
116ccb1a1604bc88e4d234a8c23f33de,2017-11,2018-08,10,auto
11bfa66332777660bd0640ee84d47006,2017-09,2018-08,12,health_beauty
128639473a139ac0f3e5f5ade55873a5,2017-05,2018-08,16,electronics
128f9bfbe4c7d5185033914b1de3d39a,2017-09,2018-06,9,health_beauty
12b9676b00f60f3b700e83af21824c0e,2017-03,2018-08,18,cool_stuff
13074f016982ff2bd6c58ced8682f000,2017-11,2018-07,7,kitchen_dining_laundry_garden_furniture
1336efc61c316ddf92c899eb817f7cae,2017-01,2018-08,19,pet_shop
1354d51653f645349064725ed204e85e,2017-06,2018-08,12,furniture_decor
138dbe45fc62f1e244378131a6801526,2018-05,2018-08,4,housewares
13d058e4eeac2ce8217660b2f8a05812,2017-05,2018-07,9,home_appliances_2
141440cad9341e553f8401c574a2aa38,2018-05,2018-08,4,drinks
1430239a858e7682bbc43b20758af153,2017-08,2018-08,8,baby
1464afc72f696af775557a821c2e253f,2017-04,2018-08,14,perfumery
14a08204d03bb6b6bde8029f801ae0eb,2018-03,2018-08,6,electronics
14d7985702e72162bbf13b6beb74ab2b,2017-03,2018-08,15,sports_leisure
1554a68530182680ad5c8b042c3ab563,2017-01,2018-08,20,furniture_decor
157c3e4b42f81ac4a44e8b1ca2fe9876,2017-10,2018-08,10,furniture_decor
15aac934c58d886785ac1b17953ea898,2017-10,2018-06,9,air_conditioning
16090f2ca825584b5a147ab24aa30c86,2017-01,2018-08,20,auto
165b1235e9e9942cb5fae67103576fb0,2018-05,2018-08,4,construction_tools_construction
165fc07beebdcb6190fba8a06db2a449,2017-08,2018-08,11,computers_accessories
1660ad786c27fd935378b6192a90b417,2017-08,2018-07,5,computers_accessories
1690cada046eb7e92c12f98b1f8a8167,2018-04,2018-08,4,auto
17306570e772e7718c92a562d33f5f1d,2017-03,2018-04,10,bed_bath_table
1771297ac436903d1dd6b0e9279aa505,2017-01,2018-08,13,baby
17908cf9b444ee34047cadd5c0f4a516,2017-09,2018-08,7,auto
179d859f51292aac5c10806a356f7af9,2018-06,2018-08,3,electronics
17a053fcb14bd219540cbde0df490be0,2017-07,2018-08,14,office_furniture
17ca9b9e9b9ef8fdb529001b49ebb50f,2017-07,2018-08,14,bed_bath_table
17e34d8224d27a541263c4c64b11a56b,2017-02,2018-08,19,perfumery
17f51e7198701186712e53a39c564617,2017-02,2018-08,19,health_beauty
1835b56ce799e6a4dc4eddc053f04066,2017-09,2018-08,12,bed_bath_table
1838dd9b8977065acf51d95e0053ea7a,2017-07,2018-08,13,computers_accessories
18a349e75d307f4b4cc646a691ed4216,2017-08,2018-08,12,telephony
18e694e0e48ed6f7aa3f24aade5fd697,2018-06,2018-08,3,computers_accessories
1900267e848ceeba8fa32d80c1a5f5a8,2017-05,2018-08,16,bed_bath_table
1987cd4be10fe09ee50454f9c354d1c6,2017-10,2018-03,5,pet_shop
198c7ea11960a9844b544d9bcdca860c,2017-01,2017-08,7,small_appliances
1996942dc085d7773ba77a529b163cd0,2018-05,2018-08,4,watches_gifts
1a3df491d1c4f1589fc2b934ada68bf2,2017-04,2018-08,17,bed_bath_table
1a932caad4f9d804097d7f8e615baed1,2018-05,2018-08,4,construction_tools_construction
1b1ae47a313a825a7ccceb8e2e30fa9d,2017-10,2018-05,5,sports_leisure
1b4c3a6f53068f0b6944d2d005c9fc89,2017-02,2018-07,18,housewares
1b7e5006cb25dd23ce8686691013b121,2017-09,2018-08,7,health_beauty
1b8356dabde1d35e17cef975c3f82730,2017-02,2017-11,10,sports_leisure
1b8b75e227c9a9c100d0c210fb6176ce,2017-01,2017-11,6,fashion_bags_accessories
1b938a7ec6ac5061a66a3766e0e75f90,2017-09,2018-08,10,baby
1bb2bdb95f4841f1bba2c0d2cd83d3c9,2017-01,2018-08,15,books_general_interest
1c129092bf23f28a5930387c980c0dfc,2017-10,2018-08,11,bed_bath_table
1c40343cc5d18c2d8248ac2f3366de34,2018-05,2018-08,4,perfumery
1c5e4e49b9079480255b49d50aac1aa9,2017-03,2018-08,11,bed_bath_table
1c68394e931a64f90ea236c5ea590300,2017-07,2018-08,12,computers_accessories
1ca7077d890b907f89be8c954a02686a,2017-09,2018-04,7,telephony
1caf283236cd69af44cbc09a0a1e7d32,2017-04,2018-07,14,toys
1cbd32d00d01bb8087a5eb088612fd9c,2018-05,2018-08,4,health_beauty
1ce3ae5a399804d1a87e706f8a813c3e,2017-08,2018-08,13,furniture_decor
1d29dfba02015238dfbe2449a5eaa361,2017-02,2018-05,8,perfumery
1d4587203296c8f4ad134dc286fa6db0,2017-12,2018-08,9,auto
1d503743d2526f03f0c2c89540ee008c,2018-01,2018-07,7,auto
1d8dbc4f32378d715c717c1c1fc57bae,2017-03,2018-06,16,baby
1da366cade6d8276e7d8beea7af5d4bf,2017-02,2017-12,8,furniture_decor
1da3aeb70d7989d1e6d9b0e887f97c23,2017-03,2018-08,18,sports_leisure
1dc2de47ee26a0a5b12dc14fd6dc0dea,2018-02,2018-08,7,bed_bath_table
1dcfa3835714681d4ba4a93bc1e0fd41,2017-07,2018-04,6,furniture_living_room
1dfe5347016252a7884b694d4f10f5c4,2017-10,2018-04,6,bed_bath_table
1e483cc5c76fef08d3ca05f9a8af7d01,2017-02,2017-05,4,fashion_underwear_beach
1e8b33f18b4f7598d87f5cbee2282cc2,2017-11,2018-08,10,bed_bath_table
1eade46fba20122dc4aefb379f8c636b,2017-02,2018-07,15,health_beauty
1f1bb1f0859883505541bdd6606193e5,2017-04,2018-07,13,fashion_bags_accessories
1f50f920176fa81dab994f9023523100,2017-04,2018-08,17,garden_tools
1f9ab4708f3056ede07124aad39a2554,2017-01,2018-06,17,baby
1fdc574883ef3b33ad41562d93f3a74a,2017-11,2018-07,9,auto
1fe5540d7c1c37a595fefbacd5570d9e,2018-08,2018-08,1,computers_accessories
2059c39f76271d4ca3f15b5ffaccc8b8,2017-02,2017-09,6,books_general_interest
2089a6d640999f9b9141ac719b2af596,2017-04,2018-07,16,sports_leisure
20b54c376b794ed028df09a3cd88e8dc,2017-09,2018-07,8,fixed_telephony
20cb7c2fde3e5bf10f0bbe7394e1c6a9,2017-03,2018-08,14,furniture_decor
20d83f3ef0e6925fd74bfd59170babf7,2017-03,2018-08,17,fashion_bags_accessories
2138ccb85b11a4ec1e37afbd1c8eda1f,2017-01,2018-08,20,telephony
213b25e6f54661939f11710a6fddb871,2017-11,2018-08,9,home_construction
2156f2671501a81034d7d07f217609d0,2017-08,2018-07,10,computers_accessories
218d46b86c1881d022bce9c68a7d4b15,2017-01,2018-08,20,sports_leisure
218f991754f360af9c2daa5e0b8e990c,2017-12,2018-08,7,housewares
2199e7fe213c16213bf5d6a7eadc9a5d,2017-01,2018-08,16,furniture_decor
21e83881401b92b49fb09a16d3852291,2017-03,2018-01,7,garden_tools
229c3efbfb0ea2058de4ccdfbc3d784a,2017-03,2018-08,17,computers_accessories
232a6014e7b10cba61c6c2b2ea6bb4b0,2017-02,2018-07,13,pet_shop
23613d49c3ac2bd302259e55c06c050c,2017-03,2018-08,18,furniture_decor
236585a4ddb5fea9fa40233e2249ed91,2017-11,2018-08,5,computers_accessories
238fac594e170b59c6d228f5a4f4f1d9,2017-10,2018-08,11,pet_shop
23a0ffca143a15b9b5bbdb7d552f626a,2018-03,2018-08,6,garden_tools
23c38debaffe4a25a30fdbd9b586a13f,2018-04,2018-08,5,garden_tools
23d7c96d4a1160db1c726b248601b25a,2017-07,2018-08,14,cool_stuff
240b9776d844d37535668549a396af32,2018-07,2018-08,2,telephony
244c2f1bff6afe1f2eaf9bfe9b2aed38,2017-02,2018-02,9,furniture_decor
2528513dd95219a6013d4d05176e391a,2017-03,2018-08,18,home_confort
257e61d3251fb5efb9daadddbc2cf7ca,2018-04,2018-08,5,baby
259f7b5e6e482c230e5bfaa670b6bb8f,2017-03,2018-08,16,bed_bath_table
25c5c91f63607446a97b143d2d535d31,2017-03,2018-03,13,computers_accessories
25cf099de44674fde97473224f9d59ab,2017-06,2018-08,14,auto
25e47381a6c510ddeb36084e33b89f0c,2017-05,2017-06,2,bed_bath_table
25e6ffe976bd75618accfe16cefcbd0d,2017-01,2018-06,18,toys
2646baaf662d4d92ac48f047e35db92d,2018-04,2018-08,5,auto
26785a546900236d66f2e4197c211158,2017-11,2018-07,5,consoles_games
26af45f5dfd967225a832838aa4e24a3,2018-01,2018-08,6,auto
26d6bbee02420494d471c9f6436929c0,2018-04,2018-08,5,auto
26d8a1c7c75d513045798992ead43aa2,2017-08,2018-08,12,perfumery
26e2c91ef821e1ff8985f408788fe35b,2018-02,2018-07,6,bed_bath_table
270297ead4c65a6cd2593960d2af6b21,2017-03,2018-08,11,furniture_decor
2709af9587499e95e803a6498a5a56e9,2017-02,2018-08,13,health_beauty
271c58a1d139c45eaf3316107c6d3a3b,2018-05,2018-08,4,baby
272f092de69afedd4d2969440b37f18f,2017-02,2017-11,10,fashion_bags_accessories
2745f798279e0ed033addcc1474776d7,2017-08,2018-05,10,sports_leisure
276677b5d08786d5dce7c2149dcce48b,2018-02,2018-08,7,housewares
282f23a9769b2690c5dda22e316f9941,2017-07,2018-08,14,food_drink
289cdb325fb7e7f891c38608bf9e0962,2018-02,2018-08,7,perfumery
28f10b1c5e5abb9d4857745bede6147c,2018-04,2018-08,5,electronics
2953ce3a88f5e3c3b696d77fc9e4c8eb,2017-10,2018-08,5,books_technical
2a1348e9addc1af5aaa619b1a3679d6b,2017-01,2018-08,15,furniture_decor
2a261b5b644fa05f4f2700eb93544f2c,2017-10,2018-08,11,furniture_decor
2a5b78b41cd05baeac8df54c6606b92c,2017-07,2018-08,14,health_beauty
2a61c271b1ac763450d846849783e922,2017-09,2018-02,5,health_beauty
2a6fbeaa7ab9e5d59a35841a8da71ce4,2017-03,2018-07,13,small_appliances
2a7dc43cecabf23403078e2188437d1d,2017-11,2018-06,8,furniture_decor
2a84855fd20af891be03bc5924d2b453,2017-12,2018-08,9,stationery
2aa3443d7bf9d9bb11133f420d75e083,2017-11,2018-08,5,sports_leisure
2addf05f476d0637864454e93ba673d5,2017-08,2018-03,8,computers_accessories
2b1a40c1daabc6ca280c4b815c101841,2017-01,2018-06,13,auto
2b3e4a2a3ea8e01938cabda2a3e5cc79,2017-05,2018-07,14,computers_accessories
2be17df1c49978426251562096c3cc09,2017-01,2018-06,11,fashion_bags_accessories
2bf6a2c1e71bbd29a4ad64e6d3c3629f,2017-11,2018-08,8,watches_gifts
2c4c47cb51acd5ea5db5e0ae0e26542a,2017-09,2018-07,9,pet_shop
2c9e548be18521d1c43cde1c582c6de8,2017-10,2018-08,11,stationery
2d2c62bef4c8ba0dd74e0e228e808539,2017-11,2018-08,8,small_appliances
2d42ebcda99fd55f6f4bc2f1ca035d50,2018-06,2018-08,3,small_appliances
2d50d6282f8aa2257819a77bfaa0efe0,2017-08,2018-08,12,bed_bath_table
2d518637f53161b973e01f56ea4bb88e,2018-04,2018-07,4,sports_leisure
2dee2ce60de9709b1a24083217181a1f,2017-07,2018-06,7,perfumery
2e13c71026e1a39ba5cc1b86dcb679aa,2017-12,2018-08,9,sports_leisure
2e1a7d075abe038c1b2743005fe42ff1,2017-08,2018-08,8,health_beauty
2e1c9f22be269ef4643f826c9e650a52,2017-07,2018-08,14,health_beauty
2e3be8a987a30d7544dbbda6861cc14e,2017-02,2018-07,12,computers_accessories
2e90cb1677d35cfe24eef47d441b7c87,2017-03,2018-08,17,electronics
2eb70248d66e0e3ef83659f71b244378,2018-02,2018-07,6,watches_gifts
2f4b0d3b9634b647d4edee577d7ebb7e,2018-01,2018-03,3,perfumery
2f74af7a0ee5636f12c2336f9fffed47,2017-06,2017-11,5,sports_leisure
2fdde51ad3e12f297da656d4fbd5d0b5,2017-04,2017-10,5,garden_tools
2ff97219cb8622eaf3cd89b7d9c09824,2018-02,2018-08,7,housewares
3078096983cf766a32a06257648502d1,2017-05,2018-05,13,toys
30829ded4523ab9224b93bc49a62c95f,2018-01,2018-08,7,computers_accessories
3092c0b297aacfb4bb6e056ebe13b9b8,2018-01,2018-06,5,housewares
30a2f535bb48308f991d0b9ad4a8c4bb,2017-02,2018-07,16,furniture_decor
30a81d8cf85fb2ada1b1b094c9583a95,2018-02,2018-08,5,pet_shop
31344c16881c08a8a72c6d2eb29918c1,2017-01,2018-08,16,furniture_decor
31561f325664a8a7aba4c8d0c3a9b3db,2018-06,2018-08,3,auto
318f287a62ab7ac10b703ac37435a231,2017-02,2018-08,17,bed_bath_table
31ae0774c17fabd06ff707cc5bde005f,2017-05,2018-08,9,agro_industry_and_commerce
31da954dc0855f2495c6310f70a2f931,2017-09,2018-08,9,health_beauty
323ce52b5b81df2cd804b017b7f09aa7,2018-01,2018-08,8,stationery
325f3178fb58e2a9778334621eecdbf9,2017-04,2018-01,10,perfumery
32b8764b4ef628b53608fc34011fcc13,2018-03,2018-08,6,housewares
3340ef1913fb70d28420f6ceb685c339,2017-01,2017-11,9,computers_accessories
334cab711dee080b079fa5779b584783,2018-04,2018-08,5,furniture_decor
33576ec5412fb5905d876f12f33bfde6,2017-07,2018-06,9,fashion_bags_accessories
3361277dc30b7cccdb0c286b24219756,2017-02,2018-08,16,pet_shop
33a17d60c64393351ebf1ef860f4e0f2,2017-07,2018-08,13,housewares
33a6f4b1e7cdc205511e76ba1b6e0186,2018-01,2018-08,8,bed_bath_table
33ac3e28642ab8bda860a2f693000e78,2017-02,2018-07,17,sports_leisure
33c51922b6e3c16b24a8f28e5833c99d,2017-12,2018-08,7,perfumery
33cbbec1e7e1044aaf11d152172c776f,2018-04,2018-08,5,small_appliances
34056b8b55c1775a22af2331670a799c,2017-11,2018-08,8,auto
343e716476e3748b069f980efbaa294e,2017-04,2018-08,12,books_general_interest
3481aa57cd91f9f9d3fa1fa12d9a3bf7,2017-02,2017-08,5,furniture_decor
34d1ca11b242c0fee2c834ae8d788566,2017-03,2018-08,17,computers_accessories
3504c0cb71d7fa48d967e0e4c94d59d9,2017-07,2017-11,5,cool_stuff
3586b8580d9c917874e053a1bb37b5ff,2017-05,2018-08,14,stationery
36890be00bbfc1cdb9a4a38a6af05a69,2018-06,2018-08,3,baby
36a968b544695394e4e9d7572688598f,2017-02,2018-08,17,computers_accessories
373ee4a3a775a733770ca3f790b8b9ac,2017-02,2018-05,10,sports_leisure
37515688008a7a40ac93e3b2e4ab203f,2017-07,2018-07,13,consoles_games
376a891762bbdecbc02b4b6adec3fdda,2017-05,2018-05,13,sports_leisure
3785b653b1b82de85ab47dd139938091,2017-08,2018-08,10,housewares
37be5a7c751166fbc5f8ccba4119e043,2017-05,2018-05,11,bed_bath_table
381c83fdca332ea6afd896da20bf6e4a,2017-08,2018-08,13,watches_gifts
382229d1e840115ffe3dbf5ff460e417,2018-04,2018-08,5,housewares
38e679b9e0064cd94c6f035707344dae,2017-01,2018-01,9,sports_leisure
391fc6631aebcf3004804e51b40bcf1e,2017-02,2018-08,19,furniture_decor
392e0502231ae2f8b29994ef6398cd77,2017-01,2018-07,8,health_beauty
3935fe5fe0f82787a9dcb8deb62be09d,2018-04,2018-08,5,computers_accessories
3969863bb8af7f72580b3b1ffd3a17b3,2017-11,2018-08,7,sports_leisure
39c763cca83e654764b7a4a650fb9b7c,2017-09,2018-07,6,sports_leisure
39d54ff918774174706fb065d7f9dc07,2017-11,2018-07,8,auto
3a1a1fec38dd360f15fc912e821e169d,2017-10,2018-05,7,auto
3a734b715d333a2588a3d54a0c9b8746,2017-08,2018-01,5,telephony
3ab971ce71839580d2ae5b4e40fe8044,2018-06,2018-08,3,housewares
3ade81dab5a172b88e1871c28ae05260,2017-10,2018-08,10,furniture_bedroom
3b15288545f8928d3e65a8f949a28291,2017-03,2018-08,18,bed_bath_table
3b872fd4747f01cc56206f2934198618,2017-11,2018-08,8,bed_bath_table
3bb548e3cb7f70f28e3f11ee9dce0e59,2017-03,2018-08,14,computers_accessories
3bdff180c7e1f6551a643b99c265a120,2017-02,2018-04,15,computers_accessories
3be634553519fb6536a03e1358e9fdc7,2017-07,2018-08,14,housewares
3c010235b7345c92f125d14ee232a76b,2018-07,2018-08,2,pet_shop
3c03b12bab54d8b37d79d914bfdb1aa0,2017-12,2018-08,9,sports_leisure
3c487ae8f8d7542beff5788e2e0aea83,2017-08,2018-08,12,fashion_bags_accessories
3c4e0452bff7a2a788179488d3d77032,2017-12,2018-03,4,toys
3c7c4a49ec3c6550809089c6a2ca9370,2017-09,2018-08,12,perfumery
3ca08eeb8d5595949fed424bd3677742,2017-05,2018-01,8,toys
3d2531eccfbde1d7c8db7a3a12fb267a,2018-04,2018-08,5,health_beauty
3d5d0dc7073a299e31fa718ce1bc00b6,2018-06,2018-08,3,health_beauty
3d621842b2ed28e2b474132480edac3c,2017-05,2017-11,4,auto
3d871de0142ce09b7081e2b9d1733cb1,2017-03,2018-08,18,stationery
3d8fa2f5b647373c8620330c4e077a9f,2018-04,2018-08,5,garden_tools
3db66a856d18a9cba7c9241fc5221c50,2017-04,2018-08,14,sports_leisure
3dbbce181edfaa4a597ec858c382d2ec,2017-04,2017-12,7,books_general_interest
3df020b72d3d44b3af9d110fa3940b65,2017-07,2018-08,14,furniture_decor
3f3486b61f45078d4f31ee5e43d8c5bb,2017-12,2018-08,9,luggage_accessories
3f995f07c49d0d55a99d5c54957f7d81,2017-04,2018-08,12,auto
3fac58ce0ad699020c7944d53c41329c,2018-05,2018-08,4,construction_tools_lights
3fd1e727ba94cfe122d165e176ce7967,2017-12,2018-04,5,sports_leisure
403aa86912527d730337ffcb0fb096ab,2017-01,2017-11,7,telephony
406822777a0b9eb5c50e442dd4cd3ec5,2017-10,2018-08,11,toys
40d54b51e962dbe09cabbcfd33298dee,2017-07,2018-08,12,health_beauty
40db9e9aa57f7bb151bcda6b0f9bdbb7,2018-02,2018-08,5,auto
411f3b52d857390502ee4e4d5ceabc2d,2018-04,2018-08,5,construction_tools_construction
412a4720f3e9431b4afa1476a1acddbe,2017-09,2018-08,10,sports_leisure
41ab63a91b8b264e8c8780368bf1dd5b,2017-10,2018-07,7,small_appliances
41b39e28db005d9731d9d485a83b4c38,2017-01,2018-08,20,bed_bath_table
41b86b552e54e3a7009596125aa8b167,2017-03,2017-04,2,sports_leisure
41c2bad7229b0c25e6becf179ebf63ff,2017-11,2018-07,4,books_general_interest
41da412d33e8da4f22baf55cb1bde82c,2018-01,2018-06,6,sports_leisure
4200ddf1967c5e41e48db62bc6d4b5ac,2017-08,2018-04,9,bed_bath_table
42b729f859728f5079499127a9c2ef37,2018-01,2018-08,8,health_beauty
42bde9fef835393bb8a8849cb6b7f245,2017-07,2018-08,9,toys
42ef3192a9ff87a22d1867b74b3ee205,2018-01,2018-08,7,toys
430315b7bb4b6e4b3c978f9dfa9b0558,2018-01,2018-08,7,housewares
4305fe92735c8a43d154ff6dd2b8d927,2017-07,2018-08,6,sports_leisure
431050a06a317f2b38168dec3dcd2b46,2018-04,2018-08,5,health_beauty
431af27f296bc6519d890aa5a05fdb11,2017-04,2018-07,16,health_beauty
4324dd16853115efb0fd9d0d131ba6f4,2017-05,2018-03,6,computers_accessories
432c37c9dfba871172ec162e20118b8c,2017-03,2018-04,14,cool_stuff
4342d4b2ba6b161468c63a7e7cfce593,2017-12,2018-07,4,watches_gifts
4371b634e0efc0e22b09b52907d9d469,2017-06,2018-08,14,sports_leisure
43f8c9950d11ecd03a0304a49e010da6,2017-07,2018-05,9,consoles_games
44073f8b7e41514de3b7815dd0237f4f,2017-02,2018-08,18,health_beauty
440dd6ab244315c632130ecfb63827b1,2017-01,2018-08,20,sports_leisure
45213867cefbf2cd4c6177e10216a951,2017-01,2017-10,8,musical_instruments
4559697a8f7e637227c2eeaed843baff,2017-02,2018-06,12,home_appliances
45ba18c210d42734ec52c0c1c574e9ee,2018-04,2018-08,5,baby
45d33f715e24d15a6ccf5c17b3a23e3c,2017-01,2018-08,14,computers_accessories
4677a5437afda5fa7140b927b07be1cc,2018-04,2018-08,4,auto
46dc3b2cc0980fb8ec44634e21d2718e,2017-01,2018-08,20,toys
4736e9d642ef4257cd7622516931eb51,2017-11,2018-08,7,air_conditioning
47efca563408aae19bb7206c2d969ea9,2018-01,2018-08,7,auto
48162d548f5b1b11b9d29d1e01f75a61,2017-01,2018-08,19,garden_tools
4830e40640734fc1c52cd21127c341d4,2017-07,2018-08,14,housewares
48436dade18ac8b2bce089ec2a041202,2017-03,2018-08,15,cool_stuff
4869f7a5dfa277a7dca6462dcf3b52b2,2017-03,2018-08,17,watches_gifts
48efc9d94a9834137efd9ea76b065a38,2017-01,2017-01,1,fashion_bags_accessories
48fb026ed7455a42f5d3e9390ed5088e,2017-05,2017-12,5,auto
49067458c68f7701fd334ce326accbe0,2017-09,2018-08,8,costruction_tools_garden
4917cee8d902e13428c3ec4b1ca6f315,2017-05,2018-08,14,home_appliances_2
4978a02ea9c8be7a9b5480680f40334e,2018-03,2018-08,6,construction_tools_construction
4992e76a42cb3aad7a7047e0d3d7e729,2017-05,2018-08,16,housewares
49e7217cfe4e427191c378ec626d8737,2017-05,2018-05,7,housewares
4a1f694197d05fe70026b016a7316b41,2018-02,2018-08,5,furniture_decor
4a3ca9315b744ce9f8e9374361493884,2017-01,2018-08,20,bed_bath_table
4a3ccda38b2129705f3fb522db62ca31,2017-09,2018-08,12,construction_tools_safety
4aba391bc3b88717ce08eb11e44937b2,2017-02,2018-08,16,sports_leisure
4b0fdb526525f9890eb145bf1534640e,2018-02,2018-08,7,bed_bath_table
4b5f66b7adcf57f1ecc0d3c07dd6b177,2017-03,2018-07,12,computers_accessories
4b9750c8ad28220fe6702d4ecb7c898f,2017-10,2018-08,11,baby
4ba52dfeba874da5b9ee7b17c7494f04,2017-07,2017-10,4,books_technical
4be6b962d83299498bae2190f95d6566,2018-03,2018-08,4,small_appliances
4bf2f4ee540798a61f9636d12cd9cc80,2017-03,2018-08,10,fashion_underwear_beach
4bfc7a4a1cf8d4d2121c27422d9e50b5,2018-03,2018-08,6,housewares
4c03b9dd4c11ee2cb35c96c49efc9420,2017-05,2017-10,6,toys
4c18691b6037662be2df78a765d98ab5,2018-02,2018-08,7,housewares
4c2b230173bb36f9b240f2b8ac11786e,2017-02,2018-08,17,sports_leisure
4c498c7345e89aebad651544829beca0,2017-12,2018-08,9,health_beauty
4c8b8048e33af2bf94f2eb547746a916,2017-08,2018-08,7,bed_bath_table
4d6d651bd7684af3fffabd5f08d12e5a,2017-04,2018-08,17,sports_leisure
4da0e408c99d2fdc2126dc9fce518060,2017-01,2018-08,17,sports_leisure
4de6e4ba574aa9dfdc824bc44dc47fdd,2018-01,2018-07,6,health_beauty
4e06067cc08b3f41d837768d392c3ee3,2017-07,2018-08,10,perfumery
4e17c65a516f69d023a2ae78b84f28d6,2017-03,2018-08,16,health_beauty
4e5725ba188db8252977a4f0227bd462,2018-02,2018-05,4,computers_accessories
4e7c18b98d84e05cbae3ff0ff03846c2,2017-02,2018-07,17,small_appliances
4e922959ae960d389249c378d1c939f5,2017-01,2018-08,20,computers_accessories
4ebdc7e6cd6102a022dadc49156d4ea8,2017-02,2018-07,16,furniture_decor
5011f0d93373a4c5753adf58ca77af8d,2017-08,2018-05,5,food_drink
503c1de08ae81a2d86f17951b204db55,2017-06,2018-07,12,baby
5058e8c1e82653974541e83690655b4a,2017-10,2018-08,11,office_furniture
5075aaa8404020ae6aa8bf4792099b41,2017-03,2018-01,8,drinks
508808d438fe2ff972ed13bb8f4a82e2,2018-08,2018-08,1,housewares
50c9975695009e5e6473912e83a6d1da,2017-02,2018-07,16,sports_leisure
512d298ac2a96d1931b6bd30aa21f61d,2018-01,2018-08,6,musical_instruments
5160d23075764e18e07c1f4a87fad743,2017-08,2017-12,5,toys
516e7738bd8f735ac19a010ee5450d8d,2018-05,2018-08,4,health_beauty
51702dc2a3e106c76dbff722b5bf0726,2017-02,2018-04,8,furniture_decor
51e4e89242cbb846c2deff3dc015650e,2018-04,2018-08,5,garden_tools
520b493b57809f446cb0a233bb3e25c7,2017-04,2017-12,9,housewares
522620dcb18a6b31cd7bdf73665113a9,2017-01,2018-08,19,consoles_games
52562a9f449c3dc3d53f5f5b9ed74903,2017-04,2018-04,10,sports_leisure
525e75a6fb1454a2325ab1734bcec221,2017-04,2017-10,5,auto
527801b552d0077ffd170872eb49683b,2017-10,2018-08,11,books_general_interest
52d76513f0c4d97f3b99570e2c94ee31,2017-07,2018-08,10,industry_commerce_and_business
52f0fe436a347ddad7ed5f9aa4e27eaa,2018-01,2018-05,5,computers_accessories
52f9db5cfb423382a2fa5c9e39303202,2017-11,2018-08,9,home_appliances
530ec6109d11eaaf87999465c6afee01,2017-05,2018-08,14,sports_leisure
53243585a1d6dc2643021fd1853d8905,2017-08,2018-08,12,telephony
5343d0649eca2a983820bfe93fc4d17e,2017-12,2018-07,8,furniture_decor
537eb890efff034a88679788b647c564,2017-07,2018-08,14,furniture_decor
53d00c40e32aeb924a84ce72b1af869d,2018-01,2018-08,5,bed_bath_table
53e4c6e0f4312d4d2107a8c9cddf45cd,2017-02,2018-08,19,housewares
54065e9aef7e9e9c2dc23b7594db021a,2017-03,2018-03,5,cool_stuff
542917da124346b47ea1ac79a93ce454,2017-03,2017-08,5,health_beauty
54583ab379489add547fe47b628db589,2018-07,2018-08,2,baby
54965bbe3e4f07ae045b90b0b8541f52,2017-10,2018-07,5,bed_bath_table
54a1852d1b8f10312c55e906355666ee,2017-01,2018-08,20,sports_leisure
54c04bdb5ec46762f8f08c7e8f86ed4a,2018-02,2018-08,7,sports_leisure
557f22c76691849db52d2abccf0015d0,2017-05,2017-09,4,computers_accessories
55a5b51f93f2b70ea513f5a047b0262a,2017-04,2017-10,7,sports_leisure
55bb6fe5bebe5012e2d7d9928e1128ff,2018-01,2018-07,6,stationery
55d3daac7c404d59e51c2aa2f4dc5a23,2017-05,2018-08,13,signaling_and_security
55f7a3319d80f7fdf078b8f03e6725fe,2018-07,2018-08,2,auto
562f8cfc51f265411f487d07e9c40e7f,2017-10,2018-05,8,cool_stuff
562fc2f2c2863ab7e79a9e4388a58a14,2018-01,2018-08,8,telephony
5656537e588803a555b8eb41f07a944b,2017-05,2018-08,16,electronics
56642bcb79900e777d68e91915cb4267,2017-01,2018-07,15,health_beauty
5670f4db5b62c43d542e1b2d56b0cf7c,2018-04,2018-08,5,perfumery
575df70bde3f9f2b30bf8d2e9910d725,2017-01,2018-08,12,furniture_decor
57c764b4a836300be881e2ff86e449f9,2017-02,2018-08,14,housewares
57e632711dec9ec14ca7546769483e7e,2017-02,2018-08,19,health_beauty
582d4f8675b945722eda7c0cb61ba4c7,2017-01,2018-08,19,electronics
5882820ef11c4c068eea0677a7a879b4,2017-04,2018-07,8,furniture_decor
58f1a6197ed863543e0136bdedb3fce2,2018-05,2018-08,4,watches_gifts
59417c56835dd8e2e72f91f809cd4092,2017-01,2017-10,8,small_appliances
594f9aaa48e5bf431f011ddc5669b0d5,2018-04,2018-08,5,stationery
596849622429351f47b32e6cae1055ff,2018-06,2018-08,3,telephony
59b22a78efb79a4797979612b885db36,2017-07,2018-08,14,housewares
59cea8e446d3834393058e7e0666b6fb,2018-06,2018-08,3,computers_accessories
59fb871bf6f4522a87ba567b42dafecf,2017-01,2018-04,15,health_beauty
5a05a16bb50629ee31afab8a6d4c2674,2018-03,2018-07,5,housewares
5a413ade68e8f8d93071a7f52a64cb9e,2018-08,2018-08,1,health_beauty
5a425cc503b39b262a847fd6212bf53b,2018-04,2018-08,5,toys
5a6a02f419701fc8c605af71d4fc57a4,2018-05,2018-08,4,books_general_interest
5a8e7d5003a1f221f9e1d6e411de7c23,2017-01,2018-08,20,furniture_decor
5a93f3ab0ef4c84ed5e1b5dbf23978bc,2017-05,2018-03,11,baby
5ab05b6d86d417796c69ffd6774ec832,2017-01,2018-08,9,health_beauty
5abb8ea023c77787f2c15da891c8d384,2017-02,2017-12,7,cine_photo
5b07547f10dd980738a1a27f685af669,2018-08,2018-08,1,health_beauty
5b0cc932433fa5184b5b94bfe6bcc256,2018-06,2018-08,3,furniture_bedroom
5b179e9e8cc7ab6fd113a46ca584da81,2017-02,2017-09,7,housewares
5b2e94f2c22b39ccc24d34ad0f669672,2018-05,2018-08,4,auto
5b33b527da3c5b969cc99dc435cad09a,2017-01,2018-08,8,electronics
5b51032eddd242adc84c38acab88f23d,2017-10,2018-06,7,furniture_decor
5b581417df4480f632484ba681e53944,2017-07,2018-02,7,toys
5b664594895aefb418afaee6d40a9a23,2017-01,2018-08,11,construction_tools_construction
5b67882648febfb6e1225e6ad7164f6b,2017-07,2018-08,13,sports_leisure
5b8154610ebb21fb90eb587365e673df,2017-07,2018-07,13,computers_accessories
5b85809efd0d0e4dea1a9544e1280ed9,2018-05,2018-08,4,health_beauty
5b925e1d006e9476d738aa200751b73b,2017-10,2018-08,10,sports_leisure
5bc24d989e71e93c33e50a7782431b0e,2018-05,2018-08,4,auto
5bc55dbe2f12b6af6d83ed46023e0dc8,2018-02,2018-08,6,sports_leisure
5bffbafbb22daf6d3bfc216a46db8708,2017-02,2017-06,5,computers_accessories
5c243662ce92d84573bfaff24c3e3700,2017-01,2018-02,14,health_beauty
5c6d4016c2a288f074fa0848a2b653d2,2017-09,2018-08,12,computers_accessories
5c853bb56f70f4d14218944bae111d7a,2017-02,2018-08,6,furniture_decor
5cbbd5a299cab112b7bf23862255e43e,2017-09,2018-08,12,housewares
5cf13accae3222c70a9cac40818ae839,2017-01,2018-08,19,pet_shop
5d0363b33554b373851fc1622e4d5f3c,2017-11,2018-08,10,auto
5d3bb11474a06bdc23fb9e89f1164ee0,2017-07,2018-08,11,furniture_decor
5d9dc90a686a8fddacffab6bab5653a3,2017-10,2018-08,9,sports_leisure
5dceca129747e92ff8ef7a997dc4f8ca,2017-01,2018-06,18,luggage_accessories
5debea795b07621e1f90532e18f96145,2017-10,2018-08,11,health_beauty
5ef131ac72773e5b3f6c0d63cf424657,2018-07,2018-08,2,toys
5f1dc28029d2c244352a68107ec2b542,2017-01,2018-06,15,health_beauty
5f2684dab12e59f83bef73ae57724e45,2017-01,2018-08,18,toys
5f26c1408a65b42a7224cd463bdf3292,2018-06,2018-08,3,health_beauty
5f3ae9136c875522250f8184f253413a,2018-01,2018-08,8,books_technical
5f5b43b2bffa8656e4bc6efeb13cc649,2017-11,2018-06,6,stationery
5f67c6082caacb26e431a7b17940cece,2018-02,2018-08,4,computers_accessories
602044f2c16190c2c6e45eb35c2e21cb,2017-10,2018-08,10,bed_bath_table
6039e27294dc75811c0d8a39069f52c0,2017-02,2018-08,19,electronics
60562ab00b8054280520d390c8c0045c,2017-10,2018-08,10,auto
6061155addc1e54b4cfb51c1c2a32ad8,2018-06,2018-08,3,pet_shop
609e1a9a6c2539919b8205cf7c4e6ff0,2018-01,2018-08,8,bed_bath_table
610f72e407cdd7caaa2f8167b0163fd8,2018-04,2018-08,5,bed_bath_table
612170e34b97004b3ba37eae81836b4c,2018-06,2018-08,3,watches_gifts
615005a3ef192c00c6f0e977cee3d2bc,2017-08,2017-12,4,sports_leisure
620c87c171fb2a6dd6e8bb4dec959fc6,2017-01,2018-08,20,health_beauty
624f4ece8da4aafb77699233d480f8ef,2017-02,2018-08,17,furniture_decor
6288c69c4ce638e59925e59193f98b16,2017-03,2018-08,11,toys
62c50c1af4dfdc4149d25c5222043d39,2017-01,2017-09,5,fixed_telephony
6338ea67c41078a46ad99cc009654956,2017-02,2018-08,17,auto
634964b17796e64304cadf1ad3050fb7,2017-11,2018-08,10,watches_gifts
638cba8be1fb599bbb76fd6948351eb3,2017-05,2017-09,4,sports_leisure
63a79f5a7eb5cb48a7e5787b141c7993,2018-04,2018-07,4,toys
63b464dbf392c7b80d12d932fa7cafed,2017-02,2018-01,10,furniture_decor
640e21a7d01df7614a3b4923e990d40c,2018-03,2018-08,6,bed_bath_table
6426d21aca402a131fc0a5d0960a3c90,2017-05,2017-10,6,bed_bath_table
643214e62b870443ccbe55ab29a4dccf,2017-09,2018-08,12,fashion_bags_accessories
6481e96574816ead57975da2c0f6d80d,2017-12,2018-07,7,signaling_and_security
655220df33262c7e0c4949a147366f94,2018-01,2018-05,5,luggage_accessories
6560211a19b47992c3666cc44a7e94c0,2017-02,2018-08,19,watches_gifts
659e8466eb3ff1b0e8740d74fb7bbedd,2017-05,2018-05,8,health_beauty
65b081a070633e057c462abdd6fb9dd8,2017-10,2018-05,8,perfumery
65febd49fd28ec955651299159b1f527,2018-04,2018-08,5,housewares
66922902710d126a0e7d26b0e3805106,2017-05,2018-08,16,pet_shop
669ae81880e08f269a64487cfb287169,2017-01,2018-08,20,sports_leisure
66dc1b1632bd6a3e508510c5b3492107,2017-07,2018-08,11,sports_leisure
66e0557ecc2b4dbea057e93f215f68d8,2017-05,2018-02,10,consoles_games
670a9dda115b5a88b18cfadee8de2332,2017-08,2018-08,6,fashion_bags_accessories
670c26e0f1bf8d0576271d5cfaec6d2b,2017-11,2018-08,10,sports_leisure
671585f5a2af58b6e276bc01003c0d2b,2018-07,2018-08,2,housewares
67883baaae6134ee81b271a542613728,2018-07,2018-08,2,watches_gifts
679769a98cfcc6da877c8486ff1c13f3,2017-03,2018-08,11,health_beauty
67bf6941ba2f1fa1d02c375766bc3e53,2017-09,2018-08,11,office_furniture
6806dad1da97bfb5a9038eac6881f706,2017-12,2018-08,6,auto
681fce914360217db47784ae28905a96,2017-10,2018-07,8,perfumery
6860153b69cc696d5dcfe1cdaaafcf62,2017-11,2018-08,9,construction_tools_construction
688756f717c462a206ad854c5027a64a,2018-04,2018-08,5,housewares
68f86ba270525243e68ae74044f992b9,2017-08,2018-08,9,health_beauty
6973a06f484aacf400ece213dbf3d946,2018-01,2018-07,6,computers_accessories
6a0cbc8af2e8abd1bdfb777943d174c6,2017-05,2018-07,12,sports_leisure
6a38087bc8ad4f89ff453561005f6dea,2018-05,2018-08,4,computers_accessories
6a51fc556dab5f766ced6fbc860bc613,2017-04,2018-08,14,air_conditioning
6a8a889bde935bafa76d7848782dfaf9,2018-03,2018-06,4,small_appliances
6a8b085f816a1f75f92dbac6eb545f8f,2017-07,2018-08,14,auto
6aa3928696eab49a19a466e665a649fd,2018-03,2018-08,5,health_beauty
6b15924333bd1a741595fe981ea04822,2017-02,2017-07,6,health_beauty
6b243f80ed07b10f0e8aa0f21a205f3c,2017-07,2018-08,14,sports_leisure
6b333a05bf188ef3e1f1662a86bd9855,2018-01,2018-08,6,auto
6b3bd31ad8fcda4b2635ec9f3ff2ecdf,2018-03,2018-08,6,sports_leisure
6b536a23086fba0d58c08d68814397f6,2017-10,2018-07,8,sports_leisure
6b90f847357d8981edd79a1eb1bf0acb,2018-06,2018-08,3,health_beauty
6b9b80d53ba3676eafe60268a810b5a1,2017-02,2017-08,6,sports_leisure
6bb0724edf0b62fb91ac404873a97241,2017-02,2018-04,10,electronics
6bbcb8924baf70b7fe2fe2097e8cd407,2017-11,2018-08,7,party_supplies
6c12e40690c335dbc2f68a4134d30dc1,2017-02,2018-08,10,sports_leisure
6c177e38df6d3f34182b1f1d427231bf,2017-02,2018-08,16,telephony
6c7d50c24b3ccd2fd83b44d8bb34e073,2017-07,2018-08,13,furniture_decor
6cd68b3ed6d59aaa9fece558ad360c0a,2017-01,2018-04,16,luggage_accessories
6d22a1fcebb6dd08c9cd90b92a93e8d0,2017-08,2018-01,6,health_beauty
6d66611d7c44cc30ce351abc49a68421,2017-02,2018-08,18,musical_instruments
6d803cb79cc31c41c4c789a75933b3c7,2017-07,2018-06,12,sports_leisure
6d988d6174a2c27441597174f8905515,2017-04,2018-08,10,housewares
6ddc28b61be28373b4503a1f61cf98a9,2018-06,2018-08,3,toys
6df688df543f90e9b38f4319e75a9d88,2017-02,2017-11,10,health_beauty
6e386f64c84e482f0b9abf960797ee1b,2018-03,2018-08,6,health_beauty
6e864f5c4669eff3d98140a07cc50202,2017-08,2018-05,7,books_general_interest
6eb94e1466490d327a09abf8f3552a50,2018-04,2018-08,4,health_beauty
6ec1a01e866584bb679eb9b098345919,2017-07,2018-08,13,health_beauty
6edacfd9f9074789dad6d62ba7950b9c,2017-01,2018-08,20,furniture_decor
6f229cc508fc6915ed5c499efd93baa4,2017-08,2018-08,6,sports_leisure
6f892e20a171e98efe17fdb971ff319b,2017-07,2017-12,6,telephony
6fc26fe110feebd80a433e1f012a84f9,2017-01,2018-08,17,furniture_decor
6fd52c528dcb38be2eea044946b811f8,2017-08,2018-08,13,bed_bath_table
7008613ea464bad5cb9b83456e1e6a8f,2017-01,2018-08,19,sports_leisure
701938c450705b8ae65fc923b70f35c7,2017-01,2018-04,15,furniture_living_room
7040e82f899a04d1b434b795a43b4617,2017-09,2018-08,12,audio
70849ca4f400aaabb62cb7462a6f1428,2017-12,2018-08,7,musical_instruments
709e16e2b25c7474d980076c6bfc4806,2017-10,2018-08,11,health_beauty
70a12e78e608ac31179aea7f8422044b,2017-01,2018-08,19,computers_accessories
70c27847eca8195c983ed7e798c56743,2018-04,2018-08,5,pet_shop
70eea00b476a314817cefde4aad4f89a,2017-02,2018-08,19,sports_leisure
71039d19d4303bf9054d69e9a9236699,2017-10,2018-08,10,toys
710e3548e02bc1d2831dfc4f1b5b14d4,2017-01,2018-08,19,furniture_decor
712e6ed8aa4aa1fa65dab41fed5737e4,2017-02,2018-05,14,auto
7139dc5186aa238b006e066d8fbab2e4,2018-01,2018-08,8,furniture_decor
7142540dd4c91e2237acb7e911c4eba2,2017-03,2018-08,18,auto
715bbd5ba4e6b74cb0d2f29eb45058b0,2017-09,2018-08,12,watches_gifts
7178f9f4dd81dcef02f62acdf8151e01,2017-03,2018-08,18,health_beauty
718539d38d07dd351c76db862760e2e2,2017-04,2018-02,8,pet_shop
7202e2ba20579a9bd1acb29e61fe71f6,2017-07,2018-08,14,telephony
7238a95bb63ef7e498389fb863b834a1,2018-04,2018-08,5,baby
723cd880edaacdb998898b67c8f9da30,2018-03,2018-08,5,bed_bath_table
725c32fa80c2faacc4fc88450d27314e,2017-01,2018-08,20,toys
7299e27ed73d2ad986de7f7c77d919fa,2017-03,2018-08,18,consoles_games
729b2d09b2a0bdab221076327f13d050,2017-11,2018-08,9,health_beauty
729f06993dac8e860d4f02d7088ca48a,2017-03,2018-08,18,housewares
72bc2cce903c872fe376a8faaa81d237,2017-09,2018-08,8,books_technical
72c5da29406b4234927b81855e7b64f6,2018-04,2018-08,5,construction_tools_construction
730937bf88cb151eb2eb849f642fc213,2018-04,2018-08,4,sports_leisure
7357b52d27cbaa90f81a96cbc1279396,2018-05,2018-08,4,housewares
73a63f72308aa20a46f4b1632018f196,2017-03,2018-08,13,garden_tools
744dac408745240a2c2528fb1b6028f3,2017-04,2018-08,16,watches_gifts
750303a20e9c56b2a6bc45cdce0b897d,2017-09,2018-08,12,sports_leisure
751bdc4d83a466c7206cd42e8f426b03,2017-05,2018-07,14,sports_leisure
7586919161935337bf6b6d7ff5779648,2017-06,2018-03,6,sports_leisure
75d34ebb1bd0bd7dde40dd507b8169c3,2017-01,2018-02,13,telephony
75fbb52eda0cbc24f479d3b2fbfa8d3e,2017-01,2018-06,17,dvds_blu_ray
7681ef142fd2c19048da7430856b5588,2018-02,2018-08,7,computers
768a86e36ad6aae3d03ee3c6433d61df,2018-06,2018-08,3,toys
768de2a4fc06aacecb9a586ccc30746a,2017-08,2018-05,7,cool_stuff
76d5af76d0271110f9af36c92573f765,2017-01,2018-08,20,sports_leisure
76d64c4aca3a7baf218bf93ef7fa768d,2017-05,2018-08,14,toys
76ea5315acb3f5f7ade3cd261faf922a,2018-05,2018-08,4,auto
7722b1df1b0e383e000397b2c11e3e19,2017-01,2018-08,20,housewares
77530e9772f57a62c906e1c21538ab82,2017-01,2018-08,20,furniture_decor
77a515caa36327151d1cc6c32a9f00e1,2018-02,2018-08,6,stationery
77e4abfd739aed9c46480f90f81c0eb4,2018-01,2018-08,8,stationery
77fccaae319668a8ab6cd0fd16aec48c,2018-05,2018-07,2,sports_leisure
784ba75dd9d20200c4caed3d7a77141a,2017-03,2017-12,9,stationery
788e857f317e53de488d393e65a80f45,2018-05,2018-08,3,stationery
78c99c6dff4eeae5be99bf635ed21e3f,2017-02,2017-08,7,sports_leisure
7901646fdd36a55f564ffaf2dbccaaf7,2017-03,2018-08,12,garden_tools
79ebd9a61bac3eaf882805ed4ecfa12a,2017-10,2018-08,11,furniture_decor
79ed755314cfe6df0daef2c6cd3022cd,2017-02,2018-08,9,garden_tools
7a241947449cc45dbfda4f9d0798d9d0,2017-03,2018-08,17,housewares
7a2d2949aea47fab95fd98d6c9f618b1,2017-02,2018-06,9,pet_shop
7a425d299613df3e613bcf9d2eaf5c49,2017-11,2018-08,7,perfumery
7a67c85e85bb2ce8582c35f2203ad736,2017-01,2018-08,20,cool_stuff
7aa4334be125fcdd2ba64b3180029f14,2017-02,2017-12,11,toys
7ad32824caee82087b3e2e5f33b1bf32,2018-01,2018-08,8,bed_bath_table
7ade73f1b9b4e965f9009a4c3a7e2c15,2018-04,2018-08,5,computers_accessories
7b07b3c7487f0ea825fc6df75abd658b,2017-01,2018-08,19,sports_leisure
7b0df942f46435babab05d49b744b2c4,2017-02,2018-06,14,musical_instruments
7b1222c3624aa89b9558b50a2594188c,2017-02,2018-06,11,toys
7b7f91e98f8c6def45a1407923304402,2018-04,2018-07,4,housewares
7bac63f6603d382cc8d0832eb6c100a8,2017-11,2018-08,7,sports_leisure
7c1fea10b5b006671d608b1d7c446ec4,2017-10,2018-06,7,telephony
7c4618c82226628831613e95e9c22f44,2017-12,2018-08,7,sports_leisure
7c5b05cbdb5542049f38d90d7815b97d,2018-04,2018-07,4,books_imported
7c67e1448b00f6e969d365cea6b010ab,2017-01,2018-08,20,office_furniture
7d13fca15225358621be4086e1eb0964,2018-02,2018-08,7,watches_gifts
7d456afc660226829370f3173d14520c,2017-04,2018-08,14,bed_bath_table
7d76b645482be4a332374e8223836592,2017-07,2018-08,14,telephony
7dc8c42cc750eeafea6c85712ffee9bf,2017-02,2018-08,14,housewares
7ddcbb64b5bc1ef36ca8c151f6ec77df,2017-07,2018-06,12,cool_stuff
7e1fb0a3ebfb01ffb3a7dae98bf3238d,2017-02,2018-08,19,health_beauty
7e3f87d16fb353f408d467e74fbd8014,2017-06,2018-08,14,computers_accessories
7e93a43ef30c4f03f38b393420bc753a,2017-01,2018-07,19,watches_gifts
7ea5bfa6c340f58f8e71fc1f0412b0d6,2017-11,2018-08,10,baby
7ecd59e5e20407131822c1a68ac59c1f,2017-11,2018-08,10,stationery
7f152321c60a266edc53af1925ef96c1,2017-08,2018-08,10,sports_leisure
7f2617c58d5d06806987308b45654351,2017-04,2018-06,11,sports_leisure
7f7b8245c336066a1f9933c359f11d77,2018-04,2018-08,5,health_beauty
7fc87cc3e89b3d1d5cabdca32f8485aa,2018-05,2018-08,4,office_furniture
7ff588a03c2aeae4fbd23f9ae64b760d,2018-06,2018-08,3,auto
808d4348b916efa08e766ebad39f61eb,2018-07,2018-08,2,perfumery
8090490573c6c0aa343a7231ebcb8c86,2017-09,2018-08,10,health_beauty
80e6699fe29150b372a0c8a1ebf7dcc8,2017-01,2018-05,17,sports_leisure
813348c996469b40f2e028d5429d3495,2017-05,2018-04,12,housewares
81336a0f57a33776419727a300249e90,2017-07,2018-04,9,sports_leisure
8160255418d5aaa7dbdc9f4c64ebda44,2017-10,2018-08,11,bed_bath_table
817245bcc3badd82bbd222e0366951a6,2017-11,2018-07,9,auto
81783131d2a97c8d44d406a4be81b5d9,2018-07,2018-08,2,toys
817f85dbb65aa3e70831d90fe75cdf89,2017-01,2017-03,3,toys
81a1104df0f08b59c68aa5b03cfe398e,2017-05,2018-04,10,garden_tools
81f89e42267213cb94da7ddc301651da,2018-08,2018-08,1,perfumery
820cc752a266cdc6c1a1e61dd4583330,2017-01,2018-04,11,small_appliances
821fb029fc6e495ca4f08a35d51e53a5,2018-01,2018-08,7,sports_leisure
822166ed1e47908f7cfb49946d03c726,2017-05,2018-07,14,bed_bath_table
822bad9bc42b51213ba522fe87b7ab5d,2017-08,2018-06,8,telephony
827f8f69dfa529c561901c4f2e0f332f,2017-01,2018-03,14,fashion_shoes
82bd0703a4aefd6b599e5bfdaed378fb,2017-01,2017-08,7,health_beauty
82cb9f452fe8334df74b22d37824b431,2018-04,2018-08,5,small_appliances
82e0a475a88cc9595229d8029273f045,2017-02,2018-01,11,furniture_decor
834f3294fba9f932f56edc879193f925,2017-05,2018-08,12,cool_stuff
834f8533b2ecb6598dd004ff3de7203a,2017-01,2018-08,15,pet_shop
835f0f7810c76831d6c7d24c7a646d4d,2017-02,2018-02,13,housewares
83645b1645cdee8953ee54c29ceed564,2017-03,2018-08,8,baby
83deb69e889cf80f82be1dc6d5f2d486,2017-07,2018-08,14,musical_instruments
83e197e95a1bbabc8c75e883ed016c47,2017-01,2018-02,12,books_general_interest
8444e55c1f13cd5c179851e5ca5ebd00,2017-03,2018-07,17,perfumery
845e8036c3f7bf62099352f5ed910240,2018-05,2018-08,4,bed_bath_table
8476243f92442881ddd5b578975cf115,2018-03,2018-08,5,health_beauty
850913d59ce317156b00f3705f1c3edb,2018-03,2018-07,5,telephony
850f4f8af5ea87287ac68de36e29107f,2017-04,2018-06,15,toys
851773c885feb5e2da3b4f82bc2b17ce,2018-02,2018-08,5,health_beauty
855668e0971d4dfd7bef1b6a4133b41b,2017-05,2018-08,16,baby
8581055ce74af1daba164fdbd55a40de,2017-01,2018-04,16,auto
85d9eb9ddc5d00ca9336a2219c97bb13,2017-01,2018-08,20,computers_accessories
8602a61d680a10a82cceeeda0d99ea3d,2017-08,2018-08,11,fashion_bags_accessories
8629c241b3622ac12cd4118afdc8d394,2018-03,2018-07,5,perfumery
863d2ebcd347ce4922de7a0f9a5581d6,2017-07,2018-08,9,auto
8648b1e89e9b349e32d3741b30ec737e,2017-09,2018-08,12,construction_tools_construction
86bb7c4b535e49a541baf3266b1c95b1,2017-09,2018-02,6,toys
86ccac0b835037332a596a33b6949ee1,2017-03,2018-07,17,watches_gifts
870d0118f7a9d85960f29ad89d5d989a,2017-04,2018-08,16,furniture_living_room
87142160b41353c4e5fca2360caf6f92,2017-02,2018-08,19,computers_accessories
87b740daf17b5d1be335a64164ec6842,2017-02,2018-03,8,sports_leisure
87d30a6a0cbf89356e49324971ab1d24,2017-12,2018-06,7,toys
87d3c3aeb3ead335511b3ce315eb341e,2018-06,2018-08,3,toys
88460e8ebdecbfecb5f9601833981930,2017-11,2018-08,9,computers_accessories
888faa8bfb0b159c37de6d898b961c31,2017-08,2018-08,6,sports_leisure
88cf19ec1fc2c58f161aee259d57142c,2018-05,2018-08,3,small_appliances_home_oven_and_coffee
891071be6ba827b591264c90c2ae8a63,2017-01,2018-08,14,fashion_bags_accessories
8931a84a914b3fe9b1ddaa4d704947ca,2017-03,2018-07,15,perfumery
897060da8b9a21f655304d50fd935913,2017-02,2018-06,16,computers_accessories
89a51f50b8095ea78d5768f34c13a76f,2018-04,2018-07,4,perfumery
89bc797e2e29667aa035d4368f9b7f92,2017-01,2017-04,3,telephony
89f69225956f951295ca4c7fb1266553,2018-05,2018-08,4,toys
8a130737016f838139d31878787a39c9,2017-12,2018-07,8,home_construction
8a2d12a90e92f012ce5226fc6592b653,2017-12,2018-08,9,housewares
8a32e327fe2c1b3511609d81aaf9f042,2017-01,2018-02,13,furniture_decor
8a432f4e5b471f8da497d7dc517666e2,2018-04,2018-08,5,bed_bath_table
8a87611c08849ffeeccab52aa798b6c7,2017-01,2017-03,3,garden_tools
8ab42aa58097fd4668d60cc648225d5f,2017-10,2018-08,10,bed_bath_table
8ae520247981aa06bc94abddf5f46d34,2017-11,2018-08,10,watches_gifts
8b2492b7ff4468839593fafeed55bad9,2017-08,2018-07,12,health_beauty
8b28d096634035667e8263d57ba3368c,2017-02,2018-07,18,health_beauty
8b321bb669392f5163d04c59e235e066,2017-10,2018-08,11,electronics
8b8cfc8305aa441e4239358c9f6f2485,2017-01,2018-04,10,cool_stuff
8b9d6eec4a7eb7d0f9d579ce0b38324d,2018-05,2018-08,4,furniture_living_room
8bb48dc19fccaa8613b6229bf7f452a2,2017-10,2018-07,10,costruction_tools_garden
8bd0f31cf0a614c658f6763bd02dea69,2017-01,2018-08,13,furniture_decor
8bdd8e3fd58bafa48af76b2c5fd71974,2018-01,2018-08,5,toys
8c16d1f32a54d92897cc437244442e1b,2017-02,2018-08,17,computers_accessories
8ca1551acf9832a4cf467bbbac15851f,2018-02,2018-08,5,furniture_decor
8cbac7e12637ed9cffa18c7875207478,2017-01,2018-08,18,cool_stuff
8cc6a0e5738e61a87b03c78b2ba9db4b,2017-02,2017-04,3,stationery
8d46553a36e68f95350a200c12f8f2e2,2017-08,2018-03,4,perfumery
8d79c8a04e42d722a75097ce5cbcf2ef,2017-01,2018-03,11,food
8d956fec2e4337affcb520f56fd8cbfd,2017-10,2018-08,11,sports_leisure
8daab2245ebdc277c51098d01c5ad8ef,2018-04,2018-08,5,costruction_tools_tools
8e2b3afb420011ef0c88c9d5f11ea526,2017-11,2018-01,2,sports_leisure
8e6cc767478edae941d9bd9eb778d77a,2017-01,2018-06,14,housewares
8e6d7754bc7e0f22c96d255ebda59eba,2017-12,2018-08,5,computers_accessories
8e8a7ce9f2f970dc00e2acf6f6e199f6,2017-11,2018-08,10,computers_accessories
8ed8ea9a57c862f2c18c2fe41f601d56,2018-04,2018-06,3,cool_stuff
8f119a0aee85c0c8fc534629734e94fd,2017-01,2018-08,18,toys
8f2ce03f928b567e3d56181ae20ae952,2017-04,2018-08,16,sports_leisure
8f54d64f28a993550aa7943f12572959,2017-11,2018-08,9,health_beauty
8f78f0903005064036736c7173a5c2ed,2017-04,2018-07,10,furniture_decor
8fdca8e349553f99bc738833a62c8802,2017-02,2017-08,7,electronics
8ff1a9df749e454105c55cda13e79143,2017-11,2018-06,6,housewares
900ba814c251a692506d7834c1218441,2017-07,2018-08,14,health_beauty
903037660cf848a717166eb7a06d616e,2017-01,2018-08,16,furniture_decor
916748bc99315c2d202898ae58b1617e,2017-02,2017-11,10,sports_leisure
916c9de0b5ad957346eeeb12f332687e,2017-06,2018-07,10,health_beauty
91f0eec23d4a61d7d7caeefa3f0ad1ca,2017-02,2018-07,7,auto
91f848e9f4be368f4318775aac733370,2017-03,2017-08,6,housewares
921323538c9f1c4e816f2720eac02bea,2017-11,2018-08,6,sports_leisure
92eb0f42c21942b6552362b9b114707d,2017-02,2018-08,17,telephony
93b9a99027bd8bd6af682aff18dd19bf,2017-01,2018-06,12,furniture_decor
93dc87703c046b603023e75222018b45,2017-11,2018-07,9,watches_gifts
94144541854e298c2d976cb893b81343,2017-02,2018-02,13,health_beauty
9449f25aeaf531019b76999ea49a6949,2017-06,2018-04,5,health_beauty
94e93ce877be27a515118dbfd2c2be41,2017-04,2017-09,6,housewares
951e8cef368f09bb3f3d03c00ca4702c,2018-04,2018-08,5,bed_bath_table
955fee9216a65b617aa5c0531780ce60,2017-07,2018-08,14,furniture_decor
9596c870880d900012f2e8e6e30d06d7,2017-04,2018-08,11,construction_tools_construction
95e03ca3d4146e4011985981aeb959b9,2017-05,2018-08,16,housewares
95ec4458365c4d11f452ccf538377619,2018-01,2018-08,7,furniture_decor
95f83f51203c626648c875dd41874c7f,2017-11,2018-08,10,furniture_decor
960945e1a9535cbc0cd6ddd35fbe7ae8,2018-05,2018-08,4,construction_tools_construction
9616352088dcf83a7c06637f4ebf1c80,2017-02,2018-08,13,sports_leisure
9646c3513289980f17226a2fc4720dbd,2017-01,2018-08,19,computers_accessories
96493fab2fbb13a14d0c0e8772eef5c3,2017-02,2018-06,16,computers_accessories
966cb4760537b1404caedd472cc610a5,2018-03,2018-08,6,watches_gifts
9674754b5a0cb32b638cec001178f799,2017-06,2018-08,15,small_appliances
96804ea39d96eb908e7c3afdb671bb9e,2017-02,2018-04,14,sports_leisure
968268a686aa05d1f529fb07dff08130,2018-01,2018-08,7,stationery
972d0f9cf61b499a4812cf0bfa3ad3c4,2017-10,2018-08,11,bed_bath_table
973f21788dfab357250f69a8dcb7ddee,2017-01,2018-06,8,sports_leisure
974cf2cb8f4b7add98709c30df02fe10,2017-10,2018-08,11,computers_accessories
97512d3fc193b2d1dfcdba0f9d1f0f8a,2018-03,2018-08,6,computers_accessories
977f9f63dd360c2a32ece2f93ad6d306,2017-09,2018-08,11,baby
9803a40e82e45418ab7fb84091af5231,2018-05,2018-08,4,computers_accessories
980640c45d7a4635885491d077167e4d,2018-07,2018-08,2,fashion_bags_accessories
985c92cc412091f8529c12d7f23d3fef,2018-05,2018-08,3,health_beauty
989becdce12ebc39863c2bceab6f3ca1,2017-07,2018-07,9,sports_leisure
98dac6635aee4995d501a3972e047414,2017-04,2018-08,16,housewares
99002261c568a84cce14d43fcffb43ea,2017-10,2018-08,10,baby
9906e7aa42a3c067b7c9a564d01c4320,2018-02,2018-08,7,sports_leisure
994f04b3718c2bab35c2adfa8afecd2a,2017-11,2018-08,10,housewares
99a54764c341d5dc80b4a8fac4eba3fb,2018-04,2018-08,5,housewares
99eaacc9e6046db1c82b163c5f84869f,2017-03,2018-02,10,telephony
9a84ba99f5367fdbd4598363496f1ea2,2017-03,2018-07,9,sports_leisure
9add47bf45ce8e8c7db6b9cf670b1e09,2017-02,2018-08,14,furniture_decor
9b00ed88b7fdb95d6ff76e27c1b52d16,2017-08,2018-08,12,sports_leisure
9b013e03b2ab786505a1d3b5c0756754,2017-10,2018-08,11,health_beauty
9baf5cb77970f539089d09a38bcec5c3,2017-01,2018-08,18,housewares
9bcdfa7b615b3abb9461d9e3ad9886ae,2017-01,2018-04,9,sports_leisure
9c068d10aca38e85c50202e17b4a7e88,2017-10,2018-07,6,auto
9c0e69c7bf2619675bbadf47b43f655a,2017-05,2018-06,13,computers_accessories
9c690ceacd5c66731bf443ea810195cb,2017-08,2018-08,7,garden_tools
9d39404483343dd55c7ae254494d8388,2017-11,2018-04,6,telephony
9d4db00d65d7760644ac0c14edb5fd86,2017-12,2018-08,9,toys
9d5604a1f112324ad6b2aa552122e0fb,2017-11,2018-08,7,home_construction
9d5a9018aee56acb367ba9c3f05d1d6a,2017-03,2018-03,12,baby
9d681c7e12db302cb261e721040dde65,2018-05,2018-08,4,sports_leisure
9d7a1d34a5052409006425275ba1c2b4,2017-07,2018-08,6,stationery
9dd59e43f0c9f0553244e8f9c2fb247e,2017-10,2018-01,4,perfumery
9dda5bbacd45e18d6485fee649205d09,2017-03,2018-08,13,furniture_decor
9de4643a8dbde634fe55621059d92273,2017-01,2018-02,14,housewares
9df5750209b83567ec144eb299d7d634,2017-04,2018-07,7,garden_tools
9e6229250fedbe05838fef417b74e7fb,2017-09,2018-08,10,baby
9f50216bfd01913736a55a11b55ea842,2018-06,2018-08,3,computers_accessories
9f505651f4a6abe901a56cdc21508025,2017-10,2018-08,11,computers_accessories
a0415d9b25ede3c4b1e477e9916ffc03,2017-04,2018-01,5,watches_gifts
a066df7361163e7ddc5d7452dd17448b,2017-12,2018-05,6,telephony
a1043bafd471dff536d0c462352beb48,2017-02,2018-08,19,garden_tools
a13580f0e8f782b7a543885a0ef99f08,2017-08,2018-05,4,perfumery
a1474fd46fd3430168f7ec202da39408,2017-02,2017-10,6,auto
a17f621c590ea0fab3d5d883e1630ec6,2017-03,2018-04,14,sports_leisure
a23266650e7c84bb93fbbba502137478,2017-08,2017-12,5,garden_tools
a2b5b6105ea5942300631d2e76f4ffe0,2018-05,2018-08,4,toys
a2deecd5398f5df4987110c80a1972a3,2018-04,2018-08,5,home_appliances
a2e874074c877c5a05abae80ad6e488f,2017-03,2018-08,13,housewares
a2fa0bdc798ee84cdb08281337cf4fb6,2017-03,2018-03,7,books_general_interest
a369d693961cb93b61ca2cc518872a85,2017-11,2018-07,8,home_construction
a36b125ac6d5fdbc7f50de85c9157bdc,2017-02,2018-08,13,sports_leisure
a3a38f4affed601eb87a97788c949667,2017-01,2018-08,20,toys
a3dd39f583bc80bd8c5901c95878921e,2017-08,2018-04,8,food_drink
a3e9a2c700480d9bb01fba070ba80a0e,2017-05,2018-08,16,bed_bath_table
a3f0b55de503387383c7b1de3ad7f678,2017-09,2018-05,7,fashion_bags_accessories
a416b6a846a11724393025641d4edd5e,2017-01,2018-08,20,health_beauty
a420f60ff1aa9acc80d0e42959f2b313,2017-08,2018-08,13,baby
a425f92c199eb576938df686728acd20,2017-10,2018-07,7,furniture_decor
a44fb5a447105f8469bdf16bf9159f25,2017-11,2018-08,8,sports_leisure
a49928bcdf77c55c6d6e05e09a9b4ca5,2017-06,2018-05,12,toys
a5a1bfcf728ab0e19182959cf0771ee4,2018-01,2018-08,7,food
a5cba26a62b8b4d0145b68b841e62e7f,2017-07,2018-08,13,health_beauty
a673821011d0cec28146ea42f5ab767f,2017-02,2018-08,19,bed_bath_table
a6bd7d1ccdac48c6b33b28596b7eb122,2017-06,2018-07,9,watches_gifts
a6fe7de3d16f6149ffe280349a8535a0,2017-07,2018-08,14,fashion_underwear_beach
a7f13822ceb966b076af67121f87b063,2017-02,2017-05,4,office_furniture
a8739afb32aaa45e01815ca76f76f54b,2018-06,2018-08,2,electronics
a888faf2d1baececa6baf9c3d603ee1f,2017-01,2018-05,14,perfumery
a938325a4b357fd23a6a4d5bb126408e,2017-09,2018-08,10,auto
aac29b1b99776be73c3049939652091d,2017-01,2018-08,19,cool_stuff
aac51c486b672a9850d59f3e84b1cf88,2018-08,2018-08,1,food
aae3bfea055532c57fb453ed3ec80b30,2017-01,2018-05,13,market_place
aaed1309374718fdd995ee4c58c9dfcd,2017-01,2018-08,20,sports_leisure
aafe36600ce604f205b86b5084d3d767,2017-02,2018-08,19,baby
aba1721a889e04decc910aa13b768ef4,2017-02,2018-08,19,stationery
abc015ebac1d283a323ca9db35ede4b9,2017-02,2017-12,8,air_conditioning
abcd2cb37d46c2c8fb1bf071c859fc5b,2017-05,2018-08,15,health_beauty
abe42c5d03695b4257b5c6cbf4e6784e,2017-08,2018-08,13,health_beauty
ac3508719a1d8f5b7614b798f70af136,2017-05,2018-08,16,toys
acadd4d36859671cb635527c6c977533,2017-12,2018-08,7,garden_tools
acb6c2ca5c82411c1fdb88d5fd5eb95e,2017-02,2018-08,6,sports_leisure
acce39e832338debb07b02385cde5967,2018-05,2018-08,4,stationery
aced59e9b31ef866a94f9e7f29d8d418,2017-02,2018-08,19,housewares
ad273c9eb54ecb4532de4bf75bae9e4e,2017-03,2018-08,9,housewares
ad420dd0c4f92f8af951ac24b86d0cf5,2017-04,2018-08,13,health_beauty
ad781527c93d00d89a11eecd9dcad7c1,2017-07,2018-05,10,baby
ad97a199236354e53fcd91a5a913e9a2,2017-11,2018-07,8,small_appliances
adbc26658d6c7b4b6219f9d934598091,2017-08,2018-08,13,baby
adcf50477d6a1f5d91bb9d54c4903cb5,2017-02,2018-06,6,sports_leisure
ade45994b717ccee333492330fbf037b,2018-06,2018-08,3,telephony
af3ef48d0e13835e529c29ac573c63e5,2018-05,2018-08,4,pet_shop
af4a0e4cfe1d9c26b6712b1be25a72e5,2017-08,2018-03,7,computers_accessories
afa6714acee029b2dfdf357e5579cc03,2017-01,2018-08,9,toys
afe0067131b73e40875c9b6c10bd2e21,2017-02,2018-06,13,perfumery
b080809eaacb49e5ca07290981472431,2017-02,2018-05,7,books_general_interest
b0b346d3a89f5eb4c2968af3f083cd43,2017-11,2018-08,7,drinks
b127efdabeffb5d559349c7b172eb75d,2017-01,2017-05,5,fashion_bags_accessories
b14db04aa7881970e83ffa9426897925,2017-01,2018-08,19,furniture_decor
b16d3dadc47d4eb18be3d88bad0775ce,2018-05,2018-08,4,sports_leisure
b17b679f4f5ce2e03ce6968c62648246,2017-01,2018-05,12,health_beauty
b18dc380845b24038cfc48006478f099,2017-10,2018-08,10,health_beauty
b19f3ca2ea475913750f25a5c37c8d8f,2017-10,2018-08,9,housewares
b1a81260566c1bac3114a6d124413f27,2018-03,2018-08,6,luggage_accessories
b1aaae6b66ad3c40f54b389d7ea4bee0,2017-01,2017-05,5,fashion_underwear_beach
b1ac6ea7895bc3dd6f0f6f4abbdd2821,2017-03,2018-01,11,sports_leisure
b1b3948701c5c72445495bd161b83a4c,2017-06,2017-08,3,auto
b1fc4f64df5a0e8b6913ab38803c57a9,2017-05,2018-08,15,watches_gifts
b1fecf4da1fa2689bccffa0121953643,2017-01,2017-05,4,health_beauty
b2479f944e1b90cf8a5de1bbfde284d6,2018-01,2018-08,8,bed_bath_table
b2a6d334e2833acea353624840e25a0e,2017-08,2018-06,6,small_appliances
b2ac621f0d0322434d04a12b078b9369,2017-08,2018-08,11,health_beauty
b2ba3715d723d245138f291a6fe42594,2017-01,2018-08,20,stationery
b2c97074649f92197d9387d9033dda5f,2018-04,2018-08,5,health_beauty
b32be1695eb7ec5f10f72d9610a12527,2017-11,2018-08,10,kitchen_dining_laundry_garden_furniture
b335c59ab742f751a85db9c411a86739,2017-01,2017-12,8,housewares
b33aaadd1a8891d2dfef0c4c3bdf0371,2018-01,2018-06,6,housewares
b33e7c55446eabf8fe1a42d037ac7d6d,2017-10,2018-08,11,watches_gifts
b347677812ea483b0f528eaf8cbc09b7,2017-11,2018-06,8,housewares
b372ee768ed69e46ca8cdbd267aa7a38,2017-03,2018-08,15,fashion_bags_accessories
b39d7fe263ef469605dbb32608aee0af,2017-09,2018-08,10,bed_bath_table
b410bdd36d5db7a65dcd42b7ead933b8,2018-01,2018-08,8,housewares
b494891378bd8f4560abe576c52deacd,2018-06,2018-08,3,health_beauty
b499c00f28f4b7069ff6550af8c1348a,2017-01,2018-08,15,furniture_decor
b4a476fbd28de64b1e347abf9089366a,2017-03,2018-06,13,electronics
b4f8921fcc4ff77b66bea6dda43dcd51,2018-05,2018-08,3,bed_bath_table
b4ffb71f0cb1b1c3d63fad021ecf93e1,2017-02,2018-08,17,auto
b55638ad525e906c698fa2ce742c1742,2017-11,2018-08,6,pet_shop
b561927807645834b59ef0d16ba55a24,2018-01,2018-08,8,stationery
b56906f7fd1696e043f1bcce164c487b,2017-02,2018-08,16,health_beauty
b5abf4f36adc043117b4fca82c22984c,2017-04,2018-08,8,bed_bath_table
b5e3e38609125694d2ea2417522a60b7,2017-04,2017-09,5,sports_leisure
b64d51f0435e884e8de603b1655155ae,2018-04,2018-08,4,housewares
b6d44737c043328708f6749c2dbe50bd,2017-03,2018-08,15,housewares
b6dc74ed30f124f95227bed4e43a3bed,2017-01,2017-12,9,sports_leisure
b74d1c09cb380e1d03a6f859c6f4224b,2018-02,2018-07,6,housewares
b76dba6c951ab00dc4edf0a1aa88037e,2017-01,2018-08,19,telephony
b839e41795b7f3ad94cc2014a52f6796,2018-03,2018-08,6,construction_tools_construction
b83cedfb587e7911540e3f576d6917ce,2017-06,2018-05,11,health_beauty
b8555308bfdb4ca1ed54325a58da9a97,2017-12,2018-08,9,office_furniture
b8630e1121437d41cb08e3c749c2c2e2,2017-11,2018-08,7,musical_instruments
b8bc237ba3788b23da09c0f1f3a3288c,2017-08,2018-06,11,housewares
b90e891671cffd9557f33a97dc523645,2017-08,2018-08,12,health_beauty
b92e3c8f9738272ff7c59e111e108d7c,2017-01,2018-08,19,furniture_decor
b94cc9f10ddc85e4ba73a6f7974e7101,2017-11,2018-06,5,toys
b9a03475e6447e631b6799ec8274800f,2017-11,2018-07,5,christmas_supplies
b9ca8e8baa5d4aa038394a700f63e69f,2018-04,2018-08,5,bed_bath_table
ba143b05f0110f0dc71ad71b4466ce92,2018-04,2018-08,5,books_technical
ba5daa4041e1f15cdf34b76e3e18a450,2018-02,2018-08,7,toys
ba90964cff9b9e0e6f32b23b82465f7b,2018-02,2018-08,7,small_appliances_home_oven_and_coffee
bacb1f0ed56ad24198f5810d2b3fe9a5,2017-04,2018-01,9,toys
bb135baca94c82fcb731335ad5b04a03,2017-01,2018-08,12,furniture_decor
bb5bd94c8f59cc050072d2930c869cac,2017-02,2018-06,11,fashion_bags_accessories
bb7a14e229b1c95156719c3d9552eeee,2017-10,2018-04,5,small_appliances
bba3293d6f5d5af2f415e004e8b93ae3,2017-09,2018-06,7,health_beauty
bba74270a87732727b5a3b4fd9ac1c39,2017-10,2018-05,8,sports_leisure
bbad7e518d7af88a0897397ffdca1979,2017-06,2018-08,15,baby
bbaff50f3b708fda865918715276cd87,2017-03,2018-08,10,food_drink
bbf9ad41dca6603e614efcdad7aab8c4,2017-02,2018-06,10,health_beauty
bc07d855eac23aab5ac8a120f21d16b2,2018-03,2018-08,5,health_beauty
bc2ac6b95e1accce9858528ee566c17e,2017-08,2018-05,8,books_imported
bc302730ea8cf49b5c74f579febb5bbf,2017-08,2018-08,8,telephony
bc47d5d1490df2b36add65d733eafaba,2018-01,2018-08,8,sports_leisure
bccf933e006e9b94a6184af782963e77,2017-10,2018-08,9,health_beauty
bce6a5ecf98e99fd2a8868b15c51f04b,2018-06,2018-08,3,watches_gifts
bd0389da23d89b726abf911cccc54596,2017-03,2018-08,16,computers_accessories
bd15ee794d5e640d9dd71b665b2ab15b,2018-03,2018-08,6,sports_leisure
bd1d49a326abfa9b1036772e40445430,2017-11,2018-06,6,health_beauty
bd23da7354813347129d751591d1a6e2,2017-07,2018-08,14,furniture_decor
bd4889b5e9133b35b66e42a8665cea5c,2017-04,2018-07,14,furniture_decor
bd697db56ff8e7c9cd1abeb7f72029b2,2017-02,2018-08,12,auto
be8e909810184b9b19e886129149d8e5,2017-10,2018-05,7,computers_accessories
beadbee30901a7f61d031b6b686095ad,2018-05,2018-08,4,health_beauty
bf00385a5f7fc1ef39a13c2e9ee50a5f,2018-07,2018-08,2,electronics
bf100ecb7997df312b285358fb32f92c,2017-01,2018-02,10,cool_stuff
bf3c6d2a28b2b5501e6c15448982dcc9,2017-05,2018-05,10,baby
bf84056e679dbe9c69929847a40e338f,2018-02,2018-04,3,health_beauty
bfd27a966d91cfaafdb25d076585f0da,2017-02,2018-07,18,toys
c003204e1ab016dfa150abc119207b24,2017-10,2018-08,11,auto
c013e57c075a06e5b5c48ee03c525719,2018-02,2018-08,7,pet_shop
c0563dd588b775f2e37747ef6ad6c92c,2017-02,2018-08,15,cool_stuff
c12b92bf1c350f3e6bf88d3596219c86,2018-05,2018-08,4,auto
c26a2be5b53b7db6b276280da212a779,2017-08,2018-08,9,office_furniture
c273175f7c6c80fb02f051e2fc6d0d72,2017-01,2017-07,4,auto
c2d70ce2c5d0a2eb75e78668236e6dc8,2017-09,2018-08,7,housewares
c31eff8334d6b3047ed34bebd4d62c36,2017-11,2018-08,9,art
c33847515fa6305ce6feb1e818569f13,2018-05,2018-08,4,bed_bath_table
c35672b10ad50968f567ea3f4b91e877,2017-08,2018-08,9,health_beauty
c37b2059d4f90d4feead554e5246565e,2017-11,2018-07,7,furniture_decor
c3867b4666c7d76867627c2f7fb22e21,2017-03,2018-07,16,sports_leisure
c3acdfac4e3e97ff87529454fbc03642,2018-03,2018-08,6,watches_gifts
c3cfdc648177fdbbbb35635a37472c53,2017-01,2018-08,20,sports_leisure
c3e1abd72a42fe690fcd89cf5720fe29,2018-05,2018-08,4,pet_shop
c4d51195486dc781531876a7d00453d8,2018-03,2018-06,4,telephony
c4fabeea6e569d42d02993bb1f4f1cbc,2018-01,2018-08,7,baby
c4fb51fb1c5b7c07bc5e67be6e7e8f6e,2017-07,2018-08,10,housewares
c510bc1718f0f2961eaa42a23330681a,2018-04,2018-08,4,baby
c5f7e746b7e6d07def6c0dae9903279b,2018-04,2018-08,4,pet_shop
c5f7feb04a6a1fb3596322bfc3cf1917,2018-06,2018-08,3,furniture_decor
c60b801f2d52c7f7f91de00870882a75,2018-01,2018-08,8,watches_gifts
c6381d2d013342748761e906d45aff76,2017-10,2018-07,9,housewares
c66dccfb3f109511246da627dd5a2498,2018-01,2018-08,8,watches_gifts
c679fb69a36e1d8349e8c50a217b4d58,2018-07,2018-08,2,housewares
c68fb906c8f4b4b946d8386bfa6e5467,2017-03,2018-07,16,housewares
c6a7539d424a8402232c2228d7a03c5e,2017-09,2018-05,7,housewares
c6bda72e4dbf5c5866b13cb1810c6d03,2017-07,2018-08,12,baby
c70c1b0d8ca86052f45a432a38b73958,2018-04,2018-08,5,health_beauty
c72de06d72748d1a0dfb2125be43ba63,2018-05,2018-08,4,computers_accessories
c731d18cea9bf687ffee82a241c25b11,2017-02,2018-08,14,la_cuisine
c794dab4928dd97beb41d05514441e86,2017-12,2018-06,7,health_beauty
c7fdb77fdbff3c41981bc52f787e959e,2018-01,2018-07,6,bed_bath_table
c8417879a15366a17c30af34c798c332,2017-02,2017-09,8,garden_tools
c84592044b180dec206770c38603814b,2018-02,2018-05,4,electronics
c8467937e403e76a8ee9f0ab13f6f5ef,2017-09,2018-08,8,costruction_tools_tools
c847e075301870dd144a116762eaff9a,2017-02,2018-01,9,cool_stuff
c864036feaab8c1659f65ea4faebe1da,2017-07,2018-08,14,sports_leisure
c89cf7c468a48af70aada384e722f9e2,2017-06,2018-08,8,toys
c8b0e2b0a7095e5d8219575d5e7e1181,2017-07,2018-08,13,auto
c8b3445d737de6befde0c88ede534a5e,2017-11,2018-06,8,toys
c990d6cf976a5718aaedc539f383ab88,2017-10,2018-01,3,telephony
c9a06ece156bb057372c68718ec8909b,2017-01,2017-02,2,garden_tools
c9aafcd0621b2207c10e32c649cada4d,2018-07,2018-08,2,health_beauty
c9c7905cffc4ef9ff9f113554423e671,2017-06,2018-08,15,telephony
ca3bd7cd9f149df75950150d010fe4a2,2017-01,2018-08,18,housewares
ca4b77513ac2040591b0d8fae6958380,2018-07,2018-08,2,health_beauty
cab85505710c7cb9b720bceb52b01cee,2017-01,2018-08,20,fashion_bags_accessories
cac4c8e7b1ca6252d8f20b2fc1a2e4af,2017-04,2018-08,17,furniture_decor
cac63f48c38cd7d002a7e846dcd99a23,2017-11,2018-08,8,toys
cac876b37d3abcd6bd76caca30277996,2018-02,2018-07,6,housewares
cb3dd9ce66268c7a3ca7241ac70ab58c,2017-02,2018-04,15,sports_leisure
cb41bfbcbda0aea354a834ab222f9a59,2017-11,2018-07,7,home_construction
cb5df0dcb9e280b1780e9d589889f2c7,2017-01,2017-06,5,furniture_bedroom
cb6c9f5888a7a090c75beaf615925792,2018-04,2018-08,5,garden_tools
cb8bcce248bb1fb274ba762d8b971456,2017-01,2018-08,19,cool_stuff
cbd996ad3c1b7dc71fd0e5f5df9087e2,2017-02,2018-08,18,food
cbf09e831b0c11f6f23ffb51004db972,2018-05,2018-08,4,housewares
cc3d14116804f7209f3884f6367f1152,2017-05,2018-08,15,small_appliances
cc419e0650a3c5ba77189a1882b7556a,2017-01,2018-08,20,health_beauty
cc5a78bbad32776dc4e3af205218368c,2018-05,2018-08,4,housewares
cc63f0dd2acba93ffed4fe9f8e0321fa,2018-05,2018-08,4,housewares
cca3071e3e9bb7d12640c9fbe2301306,2017-01,2018-08,20,furniture_decor
ccb83a794700270fde70898fe9ff368b,2017-02,2017-08,6,sports_leisure
ccc4bbb5f32a6ab2b7066a4130f114e3,2017-01,2018-08,20,health_beauty
cce6ab8d1682639fe45ab70234f1665f,2017-05,2018-07,8,bed_bath_table
ccf8813e5a7d6c84d865cd38bfc2b130,2017-08,2018-08,10,furniture_decor
cd06602b43d8800bd0afad514919d35c,2017-01,2018-08,15,housewares
cd3d09fbe6e3e9ff0c0ac0c300e93ae7,2018-06,2018-08,3,auto
cd68562d3f44870c08922d380acae552,2017-04,2018-06,13,sports_leisure
cd6efc47efaabf134f8bdb654e10b4f1,2017-11,2018-08,9,stationery
cda598c48d7c614bc1cad7d8ff6f0010,2018-03,2018-08,6,auto
ce248b21cb2adc36282ede306b7660e5,2017-07,2018-08,14,musical_instruments
ce27a3cc3c8cc1ea79d11e561e9bebb6,2017-02,2018-08,11,computers_accessories
ce616e1913288884e7742faac9d981db,2018-05,2018-08,4,auto
ce69a8021d18961dd2a40269b7c2c293,2018-03,2018-08,6,cool_stuff
ce7d1888639e6fb06b2749cbfdac1ff7,2017-08,2018-08,13,housewares
cea729054f157f5870bdd321a958d994,2018-03,2018-08,6,sports_leisure
ceaec5548eefc6e23e6607c5435102e7,2018-01,2018-08,8,cool_stuff
cee48807215b30a12ca2ca10ffb5f250,2017-08,2018-08,13,auto
cf2384dd2f1dddea3f838efed0945e65,2017-03,2018-08,8,furniture_living_room
cfa5ab0e4d3fc212fd0b3410e7081c62,2017-10,2018-08,8,furniture_living_room
cfb1a033743668a192316f3c6d1d2671,2017-02,2018-08,18,bed_bath_table
cfd7ddab722b902f7ac5b5f3ba6d723d,2018-06,2018-08,3,housewares
cfe94489ddd337d1e29e12f2a7205d10,2018-02,2018-08,7,construction_tools_safety
d03698c2efd04a549382afa6623e27fb,2017-01,2018-07,12,computers_accessories
d05ae8f7a5bd1d2a690a44cd079e4e27,2017-04,2018-08,13,sports_leisure
d06d019f72a04e5497a0b64190af170c,2018-03,2018-08,5,health_beauty
d101c6da914ae3d53f7bee42283f2fe2,2017-05,2017-05,1,furniture_decor
d12c926d74ceff0a90a21184466ce161,2017-01,2018-05,17,sports_leisure
d13e50eaa47b4cbe9eb81465865d8cfc,2018-08,2018-08,1,food
d17f467e4bf608a510c20d82f4ba3b6b,2018-07,2018-07,1,agro_industry_and_commerce
d1b65fc7debc3361ea86b5f14c68d2e2,2017-03,2018-06,12,luggage_accessories
d1b9d4be4b6f9ebd85f8acd6745ba612,2017-10,2018-08,8,furniture_decor
d1c281d3ae149232351cd8c8cc885f0d,2017-02,2018-08,19,bed_bath_table
d1c7fa84e48cfa21a0e595167c1c500e,2018-03,2018-07,5,garden_tools
d1ef48b38baca7e831711c4a0aeb398f,2018-02,2018-07,6,small_appliances
d20b021d3efdf267a402c402a48ea64b,2017-02,2018-07,16,furniture_decor
d23019c84ffae2d5ef2270367b8605fc,2017-10,2018-08,10,musical_instruments
d2374cbcbb3ca4ab1086534108cc3ab7,2017-02,2018-08,19,bed_bath_table
d25aa0aaacb370e912f8cf6efeba38b3,2018-03,2018-08,6,housewares
d2e753bb80b7d4faa77483ed00edc8ca,2017-10,2018-05,6,fashion_bags_accessories
d354c38a7182125a748cb10474fe963b,2017-05,2018-03,9,sports_leisure
d3674f271c91f824f82d24d92011f669,2017-07,2018-08,11,perfumery
d379f449f2a3b271bc01c0782020f705,2017-01,2018-08,15,furniture_decor
d3f39f05462b79a4562d35893a28f159,2017-06,2018-06,10,health_beauty
d4910f1cdcfdabd48d6b316e395d4a23,2018-07,2018-08,2,pet_shop
d4e12e7884759a14fa0f5f896c791cae,2017-09,2018-07,11,bed_bath_table
d4e4b5192cba4e0e66eb12a9d347239d,2017-03,2017-11,6,telephony
d4f117125b59ce73c3302f88ee40c458,2017-12,2018-08,9,health_beauty
d4ffeb15b67e81ff9af2b4252d99fb7e,2018-04,2018-07,4,luggage_accessories
d50d79cb34e38265a8649c383dcffd48,2017-01,2018-08,17,garden_tools
d51e0a403fe2e689ece6c73359d96e12,2017-08,2018-07,11,costruction_tools_garden
d566c37fa119d5e66c4e9052e83ee4ea,2018-03,2018-08,6,sports_leisure
d57e18d5f73c7ccb7f7339b61166898d,2017-09,2018-08,12,fashion_bags_accessories
d5ba419e26d246a0719437cf37d9b46d,2017-05,2018-08,10,computers_accessories
d624126b9206f595fb3fbb6ba03b28a8,2017-05,2018-08,13,auto
d650b663c3b5f6fb392b6326366efa9a,2017-12,2018-08,8,watches_gifts
d66c11a9572221d92fbb8c4897db5f9b,2018-06,2018-08,3,electronics
d66c305afaec317ebee552073a674429,2017-01,2017-05,4,small_appliances
d673a59aac7a70d8b01e6902bf090a11,2017-10,2018-08,11,baby
d6ab728cf30867cf3f1a2e216ae2f9b7,2018-03,2018-08,6,sports_leisure
d6b1ce66b035a475f00c017792ff9769,2018-03,2018-08,6,construction_tools_lights
d71d863e5ef30d94e440c11be17dcd8f,2017-10,2018-05,5,construction_tools_safety
d7485b33791774c36108f8c69602d48d,2018-04,2018-07,4,sports_leisure
d8c7ba53e7e38711eaef8c2849d6d2e1,2018-05,2018-08,4,baby
d91fb3b7d041e83b64a00a3edfb37e4f,2017-02,2018-08,18,home_appliances
d921b68bf747894be13a97ae52b0f386,2018-04,2018-08,5,watches_gifts
d93844a9c55ba7ce353388bcf849ea56,2017-03,2018-04,10,furniture_decor
d93919c944be9cff128f6c9cb899eacb,2017-11,2018-07,8,christmas_supplies
d9442042130b7fe579d1295f9f4a248f,2017-04,2017-09,6,housewares
d94a40fd42351c259927028d163af842,2017-07,2018-08,14,housewares
d97df38225e5abadaff1e72cb72b823c,2017-11,2018-08,9,auto
d98eec89afa3380e14463da2aabaea72,2017-01,2018-08,20,baby
d9a84e1403de8da0c3aa531d6d108ba6,2018-02,2018-08,7,toys
d9bd94811c3338dceb4181f3dbc0c73e,2018-05,2018-08,4,baby
d9e7e7778b32987280a6f2cb9a39c57d,2018-01,2018-06,4,health_beauty
da6a60cc8cc724fe51be021ff8be779c,2018-05,2018-08,4,books_general_interest
da7039f29f90ce5b4846ffc0fcc93beb,2018-04,2018-08,5,cine_photo
da8622b14eb17ae2831f4ac5b9dab84a,2017-02,2018-08,19,bed_bath_table
daeb5653dd96c1b11860f72209795012,2017-09,2018-08,12,toys
db2956745b3a8e9f3785c99f34b5d25e,2018-04,2018-08,5,health_beauty
db4350fd57ae30082dec7acbaacc17f9,2017-03,2018-08,17,telephony
db46ca7bce82b11f7e247539271fc390,2017-03,2017-07,5,pet_shop
dbb9b48c841a0e39e21f98e1a6b2ec3e,2017-01,2018-06,18,housewares
dbc22125167c298ef99da25668e1011f,2017-04,2018-08,17,luggage_accessories
dbd66278cbfe1aa1000f90a217ca4695,2017-11,2018-08,10,electronics
dbdd0ec73a4817971d962698f2fea022,2018-04,2018-08,5,health_beauty
dc317f341ab0e22f39acbd9dbf9b4a1f,2017-01,2018-07,11,cool_stuff
dc4a0fc896dc34b0d5bfec8438291c80,2017-02,2018-08,19,bed_bath_table
dc8798cbf453b7e0f98745e396cc5616,2017-01,2017-11,9,fashion_male_clothing
dd2bdf855a9172734fbc3744021ae9b9,2017-01,2018-01,13,bed_bath_table
dd533b429f380718b70ad9922c294bae,2017-03,2018-03,11,toys
dd55f1bb788714a40e7954c3be6df745,2017-11,2018-07,7,cool_stuff
dd7ddc04e1b6c2c614352b383efe2d36,2017-04,2018-07,15,pet_shop
de0c78824586e9a5f5f04fd84e25df39,2018-04,2018-08,5,pet_shop
de23c3b98a88888289c6f5cc1209054a,2017-05,2018-08,15,toys
de722cd6dad950a92b7d4f82673f8833,2018-01,2018-08,8,computers_accessories
de9727ca376d1be6ec121b110aa7954c,2018-05,2018-08,4,computers_accessories
dee656f0f566ed1aa85bd137c943f08f,2017-10,2018-08,11,sports_leisure
df0f42bc4c2142eacf0eaf2cffd0cfbb,2017-11,2018-07,7,health_beauty
df560393f3a51e74553ab94004ba5c87,2017-01,2018-03,12,garden_tools
df56d7b40d437f88407c5f78b63bc328,2017-10,2018-03,5,sports_leisure
df91910b6a03bb2e3358fa6a35e32f6f,2018-06,2018-08,3,housewares
dfa0c4c6229ab200a4a1336b4d7128ff,2018-05,2018-08,4,housewares
dfc475d54e1b6dbeeb7d7d9bdaa63827,2018-02,2018-08,7,housewares
dfc5fb7259bb2b599ca565e6e9448f0f,2017-07,2018-08,13,garden_tools
e067ad2c1c0b48758eb1b5228bcf7a68,2017-02,2018-08,18,pet_shop
e06f09ec0a4aca210779cf1cfc63cf19,2017-06,2017-12,7,housewares
e0878efa0e0b7e5313ac0b43bc04c081,2017-11,2018-03,5,toys
e0a366315b1b726b6c7832d664c0f530,2017-06,2018-08,13,construction_tools_construction
e1dc0754bada9ee4cfe9713f22f61292,2018-06,2018-08,3,baby
e21a1e8be4715b0fcfd5385643bc49c4,2017-04,2018-02,10,auto
e24d3429d294b2eb200b064ebb035879,2018-06,2018-08,3,health_beauty
e24fc9fcd865784fb25705606fe3dfe7,2017-01,2018-03,15,health_beauty
e256a62e0ac58c0edfba09966142d561,2018-04,2018-07,4,housewares
e26901d5ab434ce92fd9b5c256820a4e,2017-01,2017-09,9,garden_tools
e2aee0892199b1d92530e371abd825bf,2017-01,2018-07,13,sports_leisure
e2c92f9c1c7746d899d18f2e158bbff7,2018-04,2018-08,5,auto
e333046ce6517bd8bb510291d44f0130,2017-07,2018-08,14,housewares
e38db885400cd35c71dfd162f2c1dbcf,2017-08,2018-08,11,bed_bath_table
e3a386fc36e22064434e1fa256f6a9fa,2018-01,2018-08,6,health_beauty
e48b04bf1aa1ef711caebeb7aede6180,2017-01,2018-07,14,toys
e48cc16ab70bfa09e1401740dce0b3d7,2017-05,2018-06,10,computers_accessories
e49c26c3edfa46d227d5121a6b6e4d37,2017-02,2018-07,13,consoles_games
e504a4e2efaa45cbff7e268a2c58c956,2018-05,2018-08,4,housewares
e5475dcab1e07b63d7f6e902d8f5eda8,2017-09,2018-08,11,sports_leisure
e59aa562b9f8076dd550fcddf0e73491,2017-09,2018-08,11,agro_industry_and_commerce
e5a3438891c0bfdb9394643f95273d8e,2017-05,2018-04,12,fashion_bags_accessories
e5a38146df062edaf55c38afa99e42dc,2017-01,2018-08,19,housewares
e5e33c0d8e7e002f398f5dc4cbbb338f,2017-03,2018-08,13,auto
e601b04acf48b4576e73ddca9481f0dc,2018-04,2018-08,5,garden_tools
e627629ba868740e287800f1a9be81c2,2017-03,2017-07,4,food_drink
e62b2d6ac10570a035a30bafcf01d263,2017-09,2018-08,12,tablets_printing_image
e63e8bfa530fb16910dd6956e592bb81,2017-08,2018-08,12,housewares
e64d65bc8dbec2accda90c58de5d1246,2017-11,2018-03,3,health_beauty
e6a69c4a27dfdd98ffe5aa757ad744bc,2017-02,2018-06,12,housewares
e7d5b006eb624f13074497221eb37807,2017-08,2018-07,7,telephony
e7df4cd29ab5abab70fb0783ddb53987,2017-02,2018-08,14,fashion_sport
e7f3bf1ecd8526eb7f3b18059e6716e5,2017-02,2017-09,6,toys
e81e1f9c3e762e620f3fb60a51499e16,2017-05,2018-04,8,sports_leisure
e84ad2127668df3aafc6b73531a0beb8,2017-12,2018-08,7,cool_stuff
e882b2a25a10b9c057cc49695f222c19,2018-01,2018-08,8,home_appliances_2
e883aa812c37a7413226856f4579fe91,2018-02,2018-08,7,small_appliances
e89c4adbe7b1d0819dbb636e16461cf1,2018-01,2018-08,8,sports_leisure
e8b3a3a38279a82f0e5d006d5e5b7d2c,2017-10,2018-03,6,consoles_games
e8b4225284fbb02d16f200513f1f395d,2018-04,2018-08,5,baby
e8f6dc8e6a1dcde89d20e3995c8d90b3,2017-02,2017-11,8,furniture_decor
e9511df20ccd82658a30c37b7fb343af,2017-11,2018-08,9,construction_tools_construction
e96498ed8daaa3e9c23f7a62da76591c,2017-10,2018-07,10,auto
e9779976487b77c6d4ac45f75ec7afe9,2017-03,2018-08,18,sports_leisure
e99e927c81e3f51739c94fcdfca9f10f,2017-01,2018-03,12,garden_tools
e9bc59e7b60fc3063eb2290deda4cced,2017-03,2018-08,18,computers_accessories
e9c6969d40e6a3d2d0f90013165c2b98,2017-11,2018-06,5,pet_shop
e9d99831abad74458942f21e16f33f92,2017-01,2018-08,20,computers_accessories
ea00f977a203ff88adf7057cb7806998,2018-07,2018-08,2,auto
ea566164622c6b439516ab18062c42cd,2017-11,2018-08,10,health_beauty
ea67327e24487bdfac5fbfa37ea124df,2018-01,2018-08,6,bed_bath_table
ea8482cd71df3c1969d7b9473ff13abc,2017-08,2018-08,13,telephony
eb4df17aed01d918c65f0f8d650900c0,2017-11,2018-08,6,auto
eb5b6204dde3a6e03b5f1bb8479f055b,2017-12,2018-06,7,housewares
ebd2d60905fb58271facef5596b620d3,2017-02,2018-08,17,health_beauty
ec4608a1f76453166bb312b2968aeaf4,2017-02,2018-08,10,furniture_decor
ec80e49e69745ab6c14f984bf2149423,2018-02,2018-08,6,housewares
ec8879960bd2221d5c32f8e12f7da711,2017-05,2018-04,12,computers_accessories
ececbfcff9804a2d6b40f589df8eef2b,2017-06,2018-08,15,health_beauty
ed4311e67debd72b8610a5347a743087,2017-12,2018-08,5,housewares
ed4acab38528488b65a9a9c603ff024a,2017-03,2018-07,14,computers_accessories
edb1ef5e36e0c8cd84eb3c9b003e486d,2017-09,2018-08,12,health_beauty
ede0c03645598cdfc63ca8237acbe73d,2018-02,2018-06,5,computers_accessories
edf96ef93ed595084bbcbd9224bd2894,2017-02,2018-08,14,electronics
eeb6de78f79159600292e314a77cbd18,2017-02,2018-08,19,garden_tools
eed78ac17f7f795a19a709745f00cd4e,2017-08,2018-07,10,furniture_decor
ef0ace09169ac090589d85746e3e036f,2017-11,2018-08,10,perfumery
ef2fbc2b607d8492bcffe657a4645434,2018-07,2018-08,2,auto
ef506c96320abeedfb894c34db06f478,2017-01,2018-08,20,telephony
ef990a83bbea832f36ebe81376335aa8,2017-11,2018-08,8,sports_leisure
efcd8d2104f1a05d028af7bad20d974b,2017-04,2018-08,16,fashion_bags_accessories
f00e21b1e91a79653163b7fd8f293ff1,2017-03,2017-12,10,toys
f0837c8d71434931d9e38e7b79234797,2017-11,2018-08,7,housewares
f08a5b9dd6767129688d001acafc21e5,2017-10,2018-01,4,agro_industry_and_commerce
f08c008c8a8d31417763738a1788a2a8,2017-10,2018-01,4,sports_leisure
f0b47fbbc6dee9aafe415a6e33051b3f,2017-07,2018-08,8,books_general_interest
f125f3a310c2e5f822d116147de1e474,2018-01,2018-08,8,construction_tools_construction
f12ff17ad8bbf01ec5c33b17e506649b,2018-01,2018-05,5,auto
f181738b150df1f37cb0bd72e705b193,2017-05,2018-08,12,cool_stuff
f1ed6bd0a9b11b581f16c851c6a5a527,2017-03,2018-05,11,furniture_decor
f1fd5ab1181f827ffad998c1a5de7d74,2017-11,2018-08,9,luggage_accessories
f214d28e8d8e3ef068748498ccc2f813,2017-08,2018-08,11,fashion_bags_accessories
f262cbc1c910c83959f849465454ddd3,2017-11,2018-08,10,computers_accessories
f27e33c6d29b5138fa9967bcd445b6d5,2017-07,2018-08,14,pet_shop
f3b80352b986ab4d1057a4b724be19d0,2017-02,2018-07,17,health_beauty
f3c38ab652836d21de61fb8314b69182,2018-04,2018-08,5,computers_accessories
f3da5b2ff499efb8d4a6d371d175d7dd,2017-11,2018-07,9,housewares
f41ce2e25237f9092cd8e6e7516c7a2f,2017-01,2017-12,10,consoles_games
f435898e493ba0356019a0b1cb8b55b1,2017-02,2018-05,6,auto
f44b6f775a2b390380e0e30b5c9d3eee,2017-06,2018-08,8,cool_stuff
f45122a9ab94eb4f3f8953578bc0c560,2017-02,2018-08,19,pet_shop
f457c46070d02cadd8a68551231220dd,2017-12,2018-06,7,computers_accessories
f46490624488d3ff7ce78613913a7711,2018-05,2018-08,4,health_beauty
f4a04f7be452aa3bb31760bf00055dd0,2017-10,2018-08,6,perfumery
f4aba7c0bca51484c30ab7bdc34bcdd1,2017-01,2017-07,7,health_beauty
f4c4daa86e30c7e5a553a8d518ac03a5,2017-03,2017-11,8,watches_gifts
f4db9b37944bcb8873e6b456ee190bbf,2017-04,2018-08,10,fashion_bags_accessories
f52c2422904463fdd7741f99045fecb6,2018-06,2018-08,3,housewares
f593898ec748b7a8cb81fc04edafd98a,2017-09,2018-02,6,furniture_decor
f5a590cf36251cf1162ea35bef76fe84,2017-03,2018-08,17,musical_instruments
f5b44895715ddfe3087dc414f30268f3,2017-09,2018-07,10,auto
f5f1f2c5f923f36ad79ea1d07185ddc9,2018-02,2018-04,3,pet_shop
f5f2ab9bdb6b30c14c61be68c5ed37da,2017-04,2017-12,8,toys
f615fe7efbef0f4f08fd3086bc7a3e60,2017-07,2017-10,4,toys
f61c63d13f7cd800549d5acdd390ae72,2017-09,2018-08,11,housewares
f62d7bb4a613ec758a03342d46b580b2,2018-01,2018-08,8,small_appliances_home_oven_and_coffee
f63d8f293af3a6454377546bd9dd19ff,2017-05,2018-02,9,auto
f67efa3f0b6761102a7f8c6b7b571f5d,2017-01,2018-04,10,pet_shop
f680f85bee2d253556ac91be391d2c82,2017-09,2018-08,12,baby
f7496d659ca9fdaf323c0aae84176632,2017-01,2018-08,14,furniture_decor
f76a3b1349b6df1ee875d1f3fa4340f0,2018-01,2018-08,7,housewares
f7720c4fa8e3aba4546301ab80ea1f1b,2017-03,2018-08,16,furniture_decor
f789d2c4f2c2eb38fc4373e7a4b35264,2017-04,2018-08,13,pet_shop
f7ba60f8c3f99e7ee4042fdef03b70c4,2017-07,2018-08,14,health_beauty
f7ccf836d21b2fb1de37564105216cc1,2017-12,2018-08,9,bed_bath_table
f80edd2c5aaa505cc4b0a3b219abf4b8,2017-04,2018-08,17,kitchen_dining_laundry_garden_furniture
f8201cab383e484733266d1906e2fdfa,2017-06,2018-08,7,cool_stuff
f84a00e60c73a49e7e851c9bdca3a5bb,2017-02,2018-07,17,health_beauty
f84fa566034f5e8e880a07ec624c56af,2017-07,2018-08,9,health_beauty
f8db351d8c4c4c22c6835c19a46f01b0,2017-01,2018-08,20,housewares
f918546be4bec7104d117789ba758b2b,2017-12,2018-06,6,garden_tools
f9244d45189d3a3605499abddeade7d5,2017-02,2018-08,13,small_appliances
f97e2b0650c2068227e1d366140eb62f,2017-06,2018-08,10,pet_shop
f9903dd0f812c7e771fcad47b6fff231,2017-11,2018-08,7,construction_tools_lights
fa1a9dec3a9940c072684a46728bf1fc,2017-01,2018-08,17,pet_shop
fa1c13f2614d7b5c4749cbc52fecda94,2017-01,2018-08,20,watches_gifts
fa40cc5b934574b62717c68f3d678b6d,2017-01,2018-05,17,toys
fa74b2f3287d296e9fbd2cc80f2d1cf1,2017-07,2017-12,3,perfumery
fad44952713764836814be105382aee5,2018-01,2018-08,7,health_beauty
fb3cfbc8a86f5d7fbb4d36b8df63f60d,2018-06,2018-08,2,bed_bath_table
fb89df7f89fd1b8f03fa2acca1ba7364,2017-10,2018-08,8,health_beauty
fbc14c0cf93505ef89f64665ffa4a7b5,2017-08,2018-08,10,fixed_telephony
fc906263ca5083d09dce42fe02247800,2017-04,2017-12,8,computers_accessories
fcb5ace8bcc92f75707dc0f01a27d269,2017-11,2018-08,10,cool_stuff
fcdd820084f17e9982427971e4e9d47f,2018-03,2018-08,6,air_conditioning
fd386aa7bed2af3c7035c65506c9b4a3,2018-02,2018-08,7,stationery
fdaaf5bfda82b7b80535610c831b8d09,2017-09,2018-05,6,sports_leisure
fdb9095204a334cd8872252ffec6f2db,2017-06,2018-05,9,bed_bath_table
fde0cc9ea29c8ccfc0a2c22256a58c71,2017-10,2018-08,11,toys
fe2032dab1a61af8794248c8196565c9,2017-03,2018-08,18,perfumery
fe49ee029e61e789a1f3a5525f57ba8d,2017-11,2018-03,5,toys
fe701d88b67eaca109dffd464d1be9f9,2017-11,2018-07,6,fashion_bags_accessories
febab0275244b9a49a623f0bd613ca2f,2017-02,2018-08,19,housewares
ff063b022a9a0aab91bad2c9088760b7,2017-02,2018-08,16,furniture_decor
ff1fb4c404b2efe68b03350a8dc24122,2018-01,2018-08,8,toys
ff4e2d38692ce827b1a4f4b8196e680d,2017-08,2018-07,6,books_technical
ff69aa92bb6b1bf9b8b7a51c2ed9cf8b,2017-12,2018-06,7,baby
ffa6adafb71b807dc13159e26431354c,2018-03,2018-08,5,cine_photo
ffad1e7127fb622cb64a900751590acd,2018-03,2018-07,5,furniture_decor
ffc470761de7d0232558ba5e786e57b7,2018-02,2018-08,7,housewares
ffdd9f82b9a447f6f8d4b91554cc7dd3,2017-03,2018-08,11,housewares
ffeee66ac5d5a62fe688b9d26f83f534,2017-09,2018-05,7,home_appliances
fffd5413c0700ac820c7069d66d98c89,2017-07,2018-08,14,housewares
ffff564a4f9085cd26170f4732393726,2017-01,2017-04,3,auto
