seller_id,seller_state,primary_category,health_score,segment,avg_review_score,on_time_delivery_pct,total_orders,review_sharp_drop,delivery_sharp_drop,orders_sharp_drop,baseline_review,baseline_delivery,baseline_orders,seller_vintage,review_score_change,order_volume_change,delivery_rate_change
002100f778ceb8431b7a1020ff7ab48f,SP,furniture_decor,65.07,At-Risk,3.0,100.0,2,1,0,0,3.84,84.9,6.38,8,-0.5,-1,50.0
00720abe85ba0859807595bbf045a33b,SP,housewares,24.05,Dormant,1.0,0.0,1,1,1,0,3.46,84.38,1.62,8,-4.0,0,-100.0
00ee68308b45bc5e2660cd833c3f81cc,SP,bed_bath_table,47.5,Dormant,4.0,0.0,1,0,1,0,4.41,87.06,11.25,12,0.0,0,-100.0
014c0679dd340a0e338872e7ec85666a,MG,kitchen_dining_laundry_garden_furniture,48.1,Dormant,1.0,100.0,1,1,0,0,3.83,88.89,1.17,12,-4.0,0,0.0
0249d282d911d23cb8b869ab49c99f53,SP,sports_leisure,55.0,Dormant,5.0,0.0,1,0,1,1,4.31,68.75,2.75,4,0.5,-3,-75.0
04308b1ee57b6625f47df1d56f00eedf,SC,health_beauty,65.25,At-Risk,3.75,75.0,16,0,1,0,4.16,93.48,10.44,9,0.27,-11,-21.3
058cb5aeb36d7c0fcae20fc85d5e0a59,RJ,luggage_accessories,48.35,Dormant,2.5,50.0,2,0,1,0,3.53,92.86,1.71,7,-2.5,1,-50.0
062ce95fa2ad4dfaedfc79260130565f,RS,furniture_decor,65.0,At-Risk,3.0,100.0,1,0,0,1,3.58,94.44,6.11,9,0.2,-4,50.0
07bf9669d84d1f11be443a9dd938f698,SP,kitchen_dining_laundry_garden_furniture,54.88,Dormant,1.8,100.0,3,1,0,0,3.51,100.0,1.8,10,-0.53,1,0.0
0bf0150d5b9d60d9cd2906003332f085,SP,furniture_decor,65.0,At-Risk,3.0,100.0,1,0,0,1,3.95,85.39,2.79,14,-0.67,-2,0.0
0d85bbda9889ce1f7e63778d24f346eb,MG,stationery,53.71,Dormant,2.67,66.67,3,1,0,0,4.19,85.77,4.25,12,-2.33,1,66.67
0ef83d7d83ed97cd2a0049ac8be5f88a,PR,health_beauty,67.31,At-Risk,3.33,100.0,3,1,0,0,4.45,99.23,4.8,10,-1.67,2,0.0
11305281b50fff20ae8bb473f8e11876,MG,home_confort,66.79,At-Risk,4.33,66.67,3,0,1,0,4.45,89.1,2.46,13,-0.67,1,-33.33
116ccb1a1604bc88e4d234a8c23f33de,SP,auto,65.85,At-Risk,4.75,50.0,4,0,1,0,4.68,92.67,6.0,10,0.25,-1,-50.0
13074f016982ff2bd6c58ced8682f000,RS,kitchen_dining_laundry_garden_furniture,60.85,At-Risk,2.5,100.0,2,1,0,0,4.16,81.63,2.0,7,-2.5,1,0.0
1336efc61c316ddf92c899eb817f7cae,SP,pet_shop,58.26,Dormant,3.0,75.0,3,1,0,0,4.03,91.01,3.89,19,-1.25,-1,0.0
1354d51653f645349064725ed204e85e,SP,furniture_decor,56.27,Dormant,3.0,66.67,2,0,1,0,4.06,97.22,1.5,12,0.0,0,-33.33
138dbe45fc62f1e244378131a6801526,SP,housewares,65.13,At-Risk,3.3,90.0,10,1,1,1,3.9,95.94,12.25,4,-1.15,-4,-10.0
16090f2ca825584b5a147ab24aa30c86,SP,auto,66.25,At-Risk,3.88,67.5,41,0,1,0,4.15,92.26,20.1,20,-0.17,-24,-26.62
1690cada046eb7e92c12f98b1f8a8167,SP,auto,63.82,At-Risk,4.5,50.0,2,0,1,0,4.38,87.5,2.75,4,-0.5,-1,-50.0
179d859f51292aac5c10806a356f7af9,SP,electronics,65.4,At-Risk,4.67,50.0,6,0,1,0,4.21,83.33,6.0,3,0.37,-4,-50.0
17ca9b9e9b9ef8fdb529001b49ebb50f,MG,bed_bath_table,67.2,At-Risk,3.6,88.89,10,0,1,0,4.03,97.92,8.29,14,-0.45,-7,-11.11
1987cd4be10fe09ee50454f9c354d1c6,MG,pet_shop,24.05,Dormant,1.0,0.0,1,1,1,1,3.8,80.0,2.8,5,-2.5,-1,-100.0
1b1ae47a313a825a7ccceb8e2e30fa9d,PR,sports_leisure,49.6,Dormant,1.0,100.0,2,1,0,0,3.2,100.0,2.2,5,0.0,1,0.0
1b7e5006cb25dd23ce8686691013b121,SP,health_beauty,47.5,Dormant,4.0,0.0,1,0,1,0,4.1,80.95,1.57,7,1.0,0,-100.0
1b8b75e227c9a9c100d0c210fb6176ce,SP,fashion_bags_accessories,44.93,Dormant,1.5,66.67,4,1,1,0,3.11,94.44,2.33,6,-2.5,3,-33.33
1b938a7ec6ac5061a66a3766e0e75f90,SP,baby,67.31,At-Risk,3.33,100.0,3,1,0,0,4.3,98.57,3.0,10,-0.67,2,0.0
1c5e4e49b9079480255b49d50aac1aa9,SP,bed_bath_table,49.05,Dormant,1.0,100.0,1,1,0,0,4.32,100.0,1.09,11,-3.0,0,0.0
1ce3ae5a399804d1a87e706f8a813c3e,SC,furniture_decor,57.01,Dormant,2.0,100.0,3,1,0,0,3.95,92.95,3.08,13,-3.0,2,0.0
1dcfa3835714681d4ba4a93bc1e0fd41,SP,furniture_living_room,49.05,Dormant,1.0,100.0,1,1,0,0,3.44,100.0,2.17,6,0.0,0,0.0
1dfe5347016252a7884b694d4f10f5c4,SP,bed_bath_table,48.29,Dormant,2.0,66.67,2,1,0,0,3.35,74.08,3.33,6,-0.33,0,66.67
2089a6d640999f9b9141ac719b2af596,SP,sports_leisure,46.62,Dormant,1.0,100.0,2,1,0,0,3.75,88.63,2.75,16,-4.0,1,0.0
2138ccb85b11a4ec1e37afbd1c8eda1f,SP,telephony,66.98,At-Risk,3.19,100.0,14,1,0,0,3.88,94.42,19.4,20,-0.71,3,18.18
2646baaf662d4d92ac48f047e35db92d,SP,auto,59.98,At-Risk,4.0,50.0,4,0,1,0,4.53,90.0,3.0,5,-1.0,0,-50.0
26d8a1c7c75d513045798992ead43aa2,PR,perfumery,62.28,At-Risk,3.75,66.67,4,0,1,0,4.32,91.39,3.0,12,-1.0,0,-33.33
26e2c91ef821e1ff8985f408788fe35b,SP,bed_bath_table,49.05,Dormant,1.0,100.0,1,1,0,1,2.67,69.45,2.0,6,-1.0,0,0.0
270297ead4c65a6cd2593960d2af6b21,SP,furniture_decor,56.55,Dormant,2.0,100.0,1,1,0,0,3.91,100.0,1.64,11,-0.67,-2,0.0
271c58a1d139c45eaf3316107c6d3a3b,SP,baby,64.52,At-Risk,3.55,80.0,11,1,1,0,4.28,95.0,7.25,4,-0.78,5,-20.0
272f092de69afedd4d2969440b37f18f,SP,fashion_bags_accessories,44.05,Dormant,1.0,100.0,1,1,0,1,3.5,100.0,2.6,10,-3.33,-2,0.0
28f10b1c5e5abb9d4857745bede6147c,SP,electronics,61.53,At-Risk,3.75,62.5,8,1,1,0,4.15,84.06,5.6,5,-0.75,6,-37.5
2bf6a2c1e71bbd29a4ad64e6d3c3629f,RJ,watches_gifts,67.31,At-Risk,3.33,100.0,3,1,0,0,4.16,91.96,3.75,8,-1.67,0,0.0
2d50d6282f8aa2257819a77bfaa0efe0,SP,bed_bath_table,61.01,At-Risk,4.67,33.33,3,0,1,0,3.5,81.02,3.67,12,1.92,-1,-66.67
2e1a7d075abe038c1b2743005fe42ff1,SP,health_beauty,44.05,Dormant,1.0,100.0,1,1,0,0,3.88,85.94,2.38,8,-4.0,0,0.0
2e1c9f22be269ef4643f826c9e650a52,SP,health_beauty,62.58,At-Risk,3.86,66.67,7,0,1,0,4.18,93.28,11.93,14,-1.14,1,-33.33
2e90cb1677d35cfe24eef47d441b7c87,SP,electronics,61.11,At-Risk,3.8,60.0,5,0,1,0,4.18,88.3,7.47,17,-1.2,2,-40.0
323ce52b5b81df2cd804b017b7f09aa7,SP,stationery,47.5,Dormant,4.0,0.0,1,0,1,0,4.33,72.05,3.5,8,-0.5,-1,-50.0
3340ef1913fb70d28420f6ceb685c339,PR,computers_accessories,66.79,At-Risk,4.33,66.67,3,0,1,0,4.46,92.13,3.56,9,-0.67,2,-33.33
3361277dc30b7cccdb0c286b24219756,PR,pet_shop,49.05,Dormant,1.0,100.0,1,1,0,0,4.38,93.75,1.81,16,-3.0,0,0.0
33ac3e28642ab8bda860a2f693000e78,SP,sports_leisure,64.6,At-Risk,3.0,100.0,2,1,0,0,4.34,100.0,2.0,17,-2.0,1,0.0
3481aa57cd91f9f9d3fa1fa12d9a3bf7,SP,furniture_decor,66.62,At-Risk,3.25,100.0,4,1,0,0,4.3,100.0,3.0,5,-1.75,3,0.0
3586b8580d9c917874e053a1bb37b5ff,SP,stationery,65.0,At-Risk,3.0,100.0,1,1,0,1,4.36,96.43,2.57,14,-1.5,-1,0.0
36890be00bbfc1cdb9a4a38a6af05a69,SP,baby,57.58,Dormant,3.67,50.0,6,1,1,0,4.39,83.33,4.33,3,-0.83,2,-50.0
37515688008a7a40ac93e3b2e4ab203f,SP,consoles_games,40.0,Dormant,3.0,0.0,1,1,1,1,4.06,81.8,17.54,13,-2.0,-2,-100.0
39d54ff918774174706fb065d7f9dc07,SP,auto,62.1,At-Risk,3.0,100.0,2,1,0,0,4.03,81.55,2.88,8,-2.0,0,0.0
3ab971ce71839580d2ae5b4e40fe8044,SP,housewares,64.96,At-Risk,3.55,81.82,10,1,0,0,3.89,90.91,12.0,3,-0.65,-2,-9.09
3b15288545f8928d3e65a8f949a28291,SP,bed_bath_table,56.55,Dormant,2.0,100.0,1,1,0,1,3.87,95.31,5.78,18,-1.0,-3,0.0
3d5d0dc7073a299e31fa718ce1bc00b6,RJ,health_beauty,57.4,Dormant,3.43,57.14,6,1,1,0,4.1,85.71,7.67,3,-0.9,0,-42.86
3fd1e727ba94cfe122d165e176ce7967,SP,sports_leisure,60.07,At-Risk,4.0,50.0,2,0,0,1,3.74,70.5,7.4,5,0.8,-3,10.0
41b39e28db005d9731d9d485a83b4c38,SP,bed_bath_table,47.5,Dormant,4.0,0.0,1,0,1,1,4.02,90.16,9.75,20,1.0,-2,-100.0
42bde9fef835393bb8a8849cb6b7f245,DF,toys,56.55,Dormant,2.0,100.0,1,1,0,1,4.24,88.89,3.89,9,-2.33,-2,0.0
430315b7bb4b6e4b3c978f9dfa9b0558,SP,housewares,65.0,At-Risk,3.0,100.0,1,1,0,0,4.16,98.21,2.86,7,-2.0,-1,0.0
431050a06a317f2b38168dec3dcd2b46,SP,health_beauty,64.6,At-Risk,3.0,100.0,2,1,0,0,4.08,100.0,2.4,5,-2.0,0,0.0
4371b634e0efc0e22b09b52907d9d469,SP,sports_leisure,60.85,At-Risk,2.5,100.0,2,1,0,1,4.44,93.24,7.29,14,-1.7,-1,0.0
44073f8b7e41514de3b7815dd0237f4f,DF,health_beauty,65.0,At-Risk,3.0,100.0,1,0,0,1,3.31,97.14,7.83,18,2.0,0,0.0
45213867cefbf2cd4c6177e10216a951,SP,musical_instruments,49.05,Dormant,1.0,100.0,1,1,0,0,3.52,83.33,1.75,8,-3.33,-2,33.33
45ba18c210d42734ec52c0c1c574e9ee,SP,baby,48.02,Dormant,1.0,100.0,4,1,0,0,3.66,96.53,7.6,5,-3.86,-3,0.0
4677a5437afda5fa7140b927b07be1cc,PR,auto,56.32,Dormant,3.5,50.0,2,1,1,0,4.28,87.5,2.75,4,-1.1,-3,-50.0
49067458c68f7701fd334ce326accbe0,MG,costruction_tools_garden,48.17,Dormant,1.0,100.0,2,1,0,0,3.29,95.0,2.0,8,-1.6,0,0.0
4992e76a42cb3aad7a7047e0d3d7e729,SP,housewares,62.48,At-Risk,3.5,75.0,4,0,1,0,3.88,93.01,3.56,16,-0.3,0,-25.0
4a1f694197d05fe70026b016a7316b41,SP,furniture_decor,66.79,At-Risk,4.33,66.67,3,0,1,0,4.63,93.33,2.8,5,-0.67,2,-33.33
4b5f66b7adcf57f1ecc0d3c07dd6b177,PR,computers_accessories,65.0,At-Risk,3.0,100.0,1,1,0,0,4.16,97.92,1.92,12,-2.0,0,0.0
4bf2f4ee540798a61f9636d12cd9cc80,SP,fashion_underwear_beach,65.0,At-Risk,3.0,100.0,1,1,0,0,4.21,98.75,2.9,10,-0.67,-2,0.0
4c498c7345e89aebad651544829beca0,SP,health_beauty,64.11,At-Risk,4.2,60.0,5,0,1,0,4.23,86.3,5.33,9,-0.3,1,-15.0
4e922959ae960d389249c378d1c939f5,SP,computers_accessories,65.91,At-Risk,3.5,87.5,8,1,0,1,3.88,90.27,20.2,20,-0.5,0,0.0
4ebdc7e6cd6102a022dadc49156d4ea8,SP,furniture_decor,48.1,Dormant,1.0,100.0,1,1,0,0,3.81,93.75,1.44,16,-3.0,0,0.0
5058e8c1e82653974541e83690655b4a,SP,office_furniture,48.1,Dormant,1.0,100.0,1,1,0,1,2.76,87.87,5.73,11,-3.0,-4,50.0
52f0fe436a347ddad7ed5f9aa4e27eaa,SP,computers_accessories,61.15,At-Risk,3.0,85.71,5,1,0,0,3.8,83.14,3.8,5,0.0,-1,5.71
52f9db5cfb423382a2fa5c9e39303202,SP,home_appliances,49.05,Dormant,1.0,100.0,1,1,0,1,3.64,100.0,2.44,9,-3.75,-2,0.0
54065e9aef7e9e9c2dc23b7594db021a,RJ,cool_stuff,49.05,Dormant,1.0,100.0,1,1,0,0,3.46,100.0,2.4,5,-2.0,-1,0.0
54c04bdb5ec46762f8f08c7e8f86ed4a,SC,sports_leisure,31.55,Dormant,2.0,0.0,1,1,1,0,4.38,84.13,2.57,7,-2.67,-2,-100.0
557f22c76691849db52d2abccf0015d0,GO,computers_accessories,65.0,At-Risk,3.0,100.0,1,0,0,1,3.02,100.0,3.25,4,0.5,-2,0.0
58f1a6197ed863543e0136bdedb3fce2,MG,watches_gifts,60.85,At-Risk,2.5,100.0,2,1,0,0,3.96,91.67,11.0,4,-1.65,-31,0.0
5a8e7d5003a1f221f9e1d6e411de7c23,SP,furniture_decor,63.15,At-Risk,4.17,60.0,6,0,1,0,4.15,91.99,6.9,20,-0.45,-1,-40.0
5ab05b6d86d417796c69ffd6774ec832,SP,health_beauty,56.62,Dormant,2.0,100.0,2,1,0,0,3.89,88.89,1.11,9,-2.0,1,0.0
5abb8ea023c77787f2c15da891c8d384,SC,cine_photo,31.55,Dormant,2.0,0.0,1,1,1,0,3.96,78.57,1.86,7,-2.0,-1,-100.0
5b0cc932433fa5184b5b94bfe6bcc256,SP,furniture_bedroom,31.38,Dormant,2.0,0.0,3,1,1,0,3.53,66.67,4.0,3,-1.6,-4,-100.0
5b581417df4480f632484ba681e53944,SC,toys,44.05,Dormant,1.0,100.0,1,1,0,0,3.05,75.0,1.71,7,-2.0,-2,0.0
5b67882648febfb6e1225e6ad7164f6b,PR,sports_leisure,49.05,Dormant,1.0,100.0,1,1,0,1,3.97,97.44,2.08,13,-4.0,-1,0.0
5bc55dbe2f12b6af6d83ed46023e0dc8,MG,sports_leisure,24.05,Dormant,1.0,0.0,1,1,1,0,2.52,68.06,2.83,6,-4.0,0,-100.0
5c6d4016c2a288f074fa0848a2b653d2,SP,computers_accessories,59.42,At-Risk,3.6,60.0,5,0,1,0,4.21,95.83,2.67,12,1.6,4,-40.0
5d3bb11474a06bdc23fb9e89f1164ee0,SP,furniture_decor,62.36,At-Risk,2.67,100.0,3,1,0,0,4.11,97.73,2.82,11,-0.93,-2,0.0
5f2684dab12e59f83bef73ae57724e45,SP,toys,58.88,Dormant,2.25,100.0,4,1,0,0,3.89,95.63,3.72,18,-2.75,2,0.0
624f4ece8da4aafb77699233d480f8ef,SP,furniture_decor,64.32,At-Risk,4.0,66.67,3,0,1,0,4.12,95.15,3.06,17,-0.67,0,-33.33
62c50c1af4dfdc4149d25c5222043d39,SP,fixed_telephony,49.05,Dormant,1.0,100.0,1,1,0,0,3.1,100.0,2.4,5,-2.5,-1,0.0
688756f717c462a206ad854c5027a64a,SP,housewares,62.56,At-Risk,3.13,85.71,8,1,0,1,3.69,89.94,16.6,5,-0.76,-15,-10.44
68f86ba270525243e68ae74044f992b9,RJ,health_beauty,65.0,At-Risk,3.0,100.0,1,1,0,0,4.28,88.89,1.22,9,-1.0,0,0.0
6973a06f484aacf400ece213dbf3d946,SP,computers_accessories,44.05,Dormant,1.0,100.0,1,1,0,1,2.84,86.29,15.83,6,-1.0,-2,0.0
6bb0724edf0b62fb91ac404873a97241,SP,electronics,31.55,Dormant,2.0,0.0,1,1,1,0,4.42,82.5,1.7,10,-3.0,0,-100.0
6d803cb79cc31c41c4c789a75933b3c7,SP,sports_leisure,65.0,At-Risk,3.0,100.0,1,1,0,1,4.25,95.69,4.83,12,-1.8,-4,0.0
6edacfd9f9074789dad6d62ba7950b9c,SP,furniture_decor,59.59,At-Risk,3.73,54.55,11,1,1,0,4.35,94.12,10.4,20,-0.52,3,-20.45
6f892e20a171e98efe17fdb971ff319b,SP,telephony,57.01,Dormant,2.0,100.0,4,1,0,0,3.89,96.38,7.33,6,-2.0,2,0.0
701938c450705b8ae65fc923b70f35c7,SP,furniture_living_room,24.05,Dormant,1.0,0.0,1,1,1,1,3.72,86.89,5.0,15,-2.25,-2,-50.0
71039d19d4303bf9054d69e9a9236699,SP,toys,22.14,Dormant,1.0,0.0,1,1,1,0,3.46,67.0,3.5,10,-4.0,0,-100.0
710e3548e02bc1d2831dfc4f1b5b14d4,PR,furniture_decor,61.72,At-Risk,2.6,100.0,5,1,0,0,3.54,96.17,7.05,19,-0.8,0,0.0
718539d38d07dd351c76db862760e2e2,SP,pet_shop,44.12,Dormant,1.0,100.0,2,1,0,0,4.24,100.0,4.62,8,-4.0,1,0.0
7238a95bb63ef7e498389fb863b834a1,SP,baby,60.07,At-Risk,4.0,50.0,2,1,1,0,4.68,90.0,3.0,5,-0.89,-7,-50.0
73a63f72308aa20a46f4b1632018f196,PR,garden_tools,65.0,At-Risk,3.0,100.0,1,1,0,1,4.16,100.0,2.23,13,-0.1,-3,0.0
7586919161935337bf6b6d7ff5779648,RJ,sports_leisure,43.17,Dormant,1.0,85.71,2,1,0,0,3.5,80.95,1.83,6,0.0,1,85.71
7681ef142fd2c19048da7430856b5588,SP,computers,62.2,At-Risk,3.33,77.78,8,1,0,0,4.15,89.05,8.43,7,-0.84,2,-22.22
768de2a4fc06aacecb9a586ccc30746a,DF,cool_stuff,49.05,Dormant,1.0,100.0,1,1,0,0,4.14,100.0,2.0,7,-3.67,-2,0.0
76ea5315acb3f5f7ade3cd261faf922a,SP,auto,49.05,Dormant,1.0,100.0,1,1,0,0,3.54,96.43,3.75,4,-3.0,-1,0.0
784ba75dd9d20200c4caed3d7a77141a,SP,stationery,35.85,Dormant,2.5,0.0,2,1,1,0,4.06,88.89,2.0,9,-2.5,1,-100.0
7aa4334be125fcdd2ba64b3180029f14,SP,toys,60.32,At-Risk,3.05,65.57,55,1,1,0,4.4,93.64,19.73,11,-0.81,23,-14.43
7bac63f6603d382cc8d0832eb6c100a8,SP,sports_leisure,55.0,Dormant,5.0,0.0,1,0,1,0,4.34,79.17,2.71,7,1.67,-2,-66.67
7c4618c82226628831613e95e9c22f44,SP,sports_leisure,62.48,At-Risk,3.5,75.0,4,1,0,0,4.36,89.29,1.86,7,-1.5,3,-25.0
7c5b05cbdb5542049f38d90d7815b97d,SP,books_imported,62.73,At-Risk,3.29,83.33,5,1,1,0,4.29,95.83,5.5,4,-1.71,-3,-16.67
7fc87cc3e89b3d1d5cabdca32f8485aa,SP,office_furniture,24.05,Dormant,1.0,0.0,1,1,1,0,3.33,62.5,3.5,4,-2.33,-5,-50.0
8090490573c6c0aa343a7231ebcb8c86,SP,health_beauty,62.48,At-Risk,3.5,75.0,4,0,1,0,4.12,92.5,2.6,10,-1.21,-3,-25.0
80e6699fe29150b372a0c8a1ebf7dcc8,PR,sports_leisure,60.85,At-Risk,2.5,100.0,2,1,0,1,4.3,96.13,5.41,17,-2.5,-2,0.0
82bd0703a4aefd6b599e5bfdaed378fb,SP,health_beauty,51.16,Dormant,2.33,66.67,3,1,1,0,4.09,95.24,2.43,7,-1.67,1,-33.33
835f0f7810c76831d6c7d24c7a646d4d,SP,housewares,46.15,Dormant,1.0,100.0,2,1,0,0,3.21,63.25,3.38,13,-1.67,-1,66.67
8444e55c1f13cd5c179851e5ca5ebd00,MG,perfumery,44.2,Dormant,1.0,100.0,3,1,0,0,3.1,93.94,5.82,17,-0.79,-5,0.0
863d2ebcd347ce4922de7a0f9a5581d6,RJ,auto,60.07,At-Risk,4.0,50.0,2,0,1,0,4.21,86.67,2.0,9,0.0,1,-50.0
8648b1e89e9b349e32d3741b30ec737e,SP,construction_tools_construction,61.64,At-Risk,3.38,75.0,7,0,1,0,3.97,93.16,7.42,12,-1.62,2,-25.0
870d0118f7a9d85960f29ad89d5d989a,MG,furniture_living_room,64.6,At-Risk,3.0,100.0,2,1,0,0,3.99,96.13,2.81,16,0.0,0,0.0
87142160b41353c4e5fca2360caf6f92,RS,computers_accessories,67.71,At-Risk,3.95,78.95,15,1,1,0,4.35,93.67,16.05,19,-0.82,-7,-16.7
87b740daf17b5d1be335a64164ec6842,SP,sports_leisure,60.85,At-Risk,2.5,100.0,2,1,0,0,3.88,87.5,1.5,8,-1.5,1,100.0
87d3c3aeb3ead335511b3ce315eb341e,SP,toys,51.47,Dormant,2.33,66.67,3,0,1,0,3.28,88.89,5.0,3,-0.67,-2,-33.33
891071be6ba827b591264c90c2ae8a63,SP,fashion_bags_accessories,63.48,At-Risk,5.0,33.33,3,0,1,0,4.04,85.72,6.57,14,0.5,-5,-66.67
89bc797e2e29667aa035d4368f9b7f92,SP,telephony,47.5,Dormant,4.0,0.0,1,0,1,0,4.03,59.26,4.33,3,0.4,-8,-77.78
8a32e327fe2c1b3511609d81aaf9f042,SP,furniture_decor,49.91,Dormant,2.18,100.0,4,1,0,1,3.66,95.01,10.08,13,-1.02,-2,0.0
8b9d6eec4a7eb7d0f9d579ce0b38324d,RJ,furniture_living_room,62.05,At-Risk,3.4,73.33,15,1,1,0,4.06,89.33,12.25,4,-1.06,-8,-10.67
8cc6a0e5738e61a87b03c78b2ba9db4b,MG,stationery,58.58,Dormant,3.0,75.0,3,1,1,1,3.89,87.96,7.33,3,-1.67,-6,-25.0
8daab2245ebdc277c51098d01c5ad8ef,SP,costruction_tools_tools,47.5,Dormant,4.0,0.0,1,1,1,1,4.58,80.0,3.2,5,-1.0,0,-100.0
8e6cc767478edae941d9bd9eb778d77a,MG,housewares,46.62,Dormant,1.0,100.0,2,1,0,0,3.8,95.13,7.57,14,-4.0,1,0.0
8f119a0aee85c0c8fc534629734e94fd,SP,toys,55.0,Dormant,5.0,0.0,1,0,1,1,4.18,91.67,4.28,18,0.2,-3,-100.0
8ff1a9df749e454105c55cda13e79143,SP,housewares,56.55,Dormant,2.0,100.0,1,1,0,0,3.56,100.0,2.17,6,-2.0,-1,0.0
903037660cf848a717166eb7a06d616e,SP,furniture_decor,55.76,Dormant,3.5,50.0,3,0,1,0,3.82,88.12,2.81,16,0.9,-5,-30.0
95ec4458365c4d11f452ccf538377619,SP,furniture_decor,58.18,Dormant,2.57,87.5,5,1,1,0,4.54,98.21,3.86,7,-2.31,-2,-12.5
9646c3513289980f17226a2fc4720dbd,SP,computers_accessories,44.05,Dormant,1.0,100.0,1,1,0,0,4.35,98.42,3.63,19,-4.0,0,0.0
972d0f9cf61b499a4812cf0bfa3ad3c4,SC,bed_bath_table,51.67,Dormant,1.33,100.0,3,1,0,0,2.82,90.45,7.55,11,-1.67,-1,25.0
99eaacc9e6046db1c82b163c5f84869f,SP,telephony,24.05,Dormant,1.0,0.0,1,1,1,1,3.47,81.67,5.2,10,-1.5,-1,-100.0
9b00ed88b7fdb95d6ff76e27c1b52d16,SP,sports_leisure,44.05,Dormant,1.0,100.0,1,1,0,0,4.18,95.28,3.92,12,-4.0,0,0.0
9baf5cb77970f539089d09a38bcec5c3,SP,housewares,49.05,Dormant,1.0,100.0,1,1,0,1,4.35,100.0,1.72,18,-4.0,-1,0.0
9bcdfa7b615b3abb9461d9e3ad9886ae,SC,sports_leisure,31.55,Dormant,2.0,0.0,1,1,1,0,4.24,88.89,1.56,9,-3.0,-1,-100.0
9c068d10aca38e85c50202e17b4a7e88,MS,auto,24.05,Dormant,1.0,0.0,1,1,1,0,3.83,71.67,2.83,6,-3.5,-1,-50.0
9c0e69c7bf2619675bbadf47b43f655a,SP,computers_accessories,44.05,Dormant,1.0,100.0,1,1,0,0,3.61,82.22,12.08,13,-4.0,0,0.0
9d39404483343dd55c7ae254494d8388,SP,telephony,46.21,Dormant,1.67,66.67,3,1,1,0,4.03,94.44,1.67,6,-3.33,2,-33.33
9d5604a1f112324ad6b2aa552122e0fb,SP,home_construction,49.05,Dormant,1.0,100.0,1,1,0,0,3.17,100.0,1.86,7,-2.0,-2,0.0
9d5a9018aee56acb367ba9c3f05d1d6a,GO,baby,49.05,Dormant,1.0,100.0,1,1,0,1,4.02,99.58,5.58,12,-3.0,-2,0.0
9dda5bbacd45e18d6485fee649205d09,MG,furniture_decor,64.6,At-Risk,3.0,100.0,2,1,0,0,4.23,89.74,1.46,13,-1.0,1,0.0
9f50216bfd01913736a55a11b55ea842,SP,computers_accessories,67.27,At-Risk,3.83,83.33,6,1,0,0,4.51,84.44,5.67,3,-0.87,-3,13.33
a2deecd5398f5df4987110c80a1972a3,SP,home_appliances,62.25,At-Risk,3.0,100.0,4,1,0,0,3.87,100.0,3.2,5,-1.0,1,0.0
a2fa0bdc798ee84cdb08281337cf4fb6,SC,books_general_interest,49.05,Dormant,1.0,100.0,1,1,0,0,4.0,100.0,1.43,7,-4.0,0,0.0
a36b125ac6d5fdbc7f50de85c9157bdc,SP,sports_leisure,56.55,Dormant,2.0,100.0,1,1,0,1,3.85,91.03,1.77,13,-1.5,-1,50.0
a420f60ff1aa9acc80d0e42959f2b313,SP,baby,60.85,At-Risk,2.5,100.0,2,1,0,0,4.04,94.66,5.15,13,-1.63,-6,12.5
a6bd7d1ccdac48c6b33b28596b7eb122,PB,watches_gifts,49.05,Dormant,1.0,100.0,1,1,0,0,3.11,85.19,1.78,9,-4.0,-1,0.0
a6fe7de3d16f6149ffe280349a8535a0,SP,fashion_underwear_beach,49.05,Dormant,1.0,100.0,1,1,0,1,3.76,84.29,3.64,14,-2.0,-1,0.0
a7f13822ceb966b076af67121f87b063,SP,office_furniture,53.32,Dormant,2.43,71.43,6,1,1,1,3.38,90.77,17.25,4,-1.22,-14,-24.22
aac29b1b99776be73c3049939652091d,MG,cool_stuff,59.1,At-Risk,2.33,100.0,2,1,0,0,4.12,93.44,5.16,19,-1.67,1,0.0
aae3bfea055532c57fb453ed3ec80b30,SP,market_place,49.05,Dormant,1.0,100.0,1,1,0,1,3.4,100.0,3.69,13,-2.0,-1,0.0
aafe36600ce604f205b86b5084d3d767,SC,baby,62.87,At-Risk,2.75,100.0,4,1,0,0,4.41,96.19,6.79,19,-1.5,-3,0.0
aba1721a889e04decc910aa13b768ef4,SP,stationery,66.52,At-Risk,4.83,50.0,5,0,1,0,4.5,91.28,4.37,19,0.33,0,-33.33
abe42c5d03695b4257b5c6cbf4e6784e,RJ,health_beauty,24.05,Dormant,1.0,0.0,1,1,1,1,3.87,81.02,3.85,13,-4.0,-1,-100.0
ac3508719a1d8f5b7614b798f70af136,RS,toys,55.07,Dormant,5.0,0.0,2,0,1,0,4.55,93.36,6.44,16,0.0,1,-100.0
aced59e9b31ef866a94f9e7f29d8d418,SP,housewares,61.47,At-Risk,5.0,25.0,4,0,1,0,4.51,91.67,3.21,19,0.0,2,-75.0
adbc26658d6c7b4b6219f9d934598091,PR,baby,64.36,At-Risk,3.75,75.0,4,0,1,0,4.2,89.23,6.77,13,-0.92,1,-25.0
af3ef48d0e13835e529c29ac573c63e5,SP,pet_shop,58.42,Dormant,2.8,80.0,5,1,1,0,3.79,95.0,5.25,4,-1.2,1,-20.0
af4a0e4cfe1d9c26b6712b1be25a72e5,MG,computers_accessories,62.92,At-Risk,3.4,80.0,5,0,1,0,3.56,93.57,2.86,7,-0.27,3,-20.0
b16d3dadc47d4eb18be3d88bad0775ce,RS,sports_leisure,55.0,Dormant,5.0,0.0,1,0,1,0,4.45,75.0,2.5,4,1.2,-4,-100.0
b18dc380845b24038cfc48006478f099,SP,health_beauty,55.0,Dormant,5.0,0.0,1,0,1,0,3.97,82.23,4.4,10,0.5,-3,-100.0
b1ac6ea7895bc3dd6f0f6f4abbdd2821,RS,sports_leisure,48.1,Dormant,1.0,100.0,1,1,0,1,3.9,100.0,3.64,11,-3.0,0,0.0
b1fc4f64df5a0e8b6913ab38803c57a9,RJ,watches_gifts,56.7,Dormant,2.0,100.0,3,1,0,0,3.82,90.12,7.13,15,-2.5,-1,0.0
b335c59ab742f751a85db9c411a86739,MG,housewares,54.15,Dormant,1.67,100.0,2,1,0,0,3.36,87.5,2.88,8,-1.83,0,0.0
b33aaadd1a8891d2dfef0c4c3bdf0371,SP,housewares,60.76,At-Risk,2.5,100.0,3,1,0,0,4.06,90.28,2.67,6,-2.5,0,0.0
b55638ad525e906c698fa2ce742c1742,SC,pet_shop,40.0,Dormant,3.0,0.0,1,1,1,0,4.08,77.78,1.83,6,-2.0,0,-100.0
b5e3e38609125694d2ea2417522a60b7,SC,sports_leisure,55.98,Dormant,4.0,33.33,3,0,1,0,4.33,83.33,2.8,5,-0.83,-2,-50.0
b74d1c09cb380e1d03a6f859c6f4224b,RJ,housewares,65.0,At-Risk,3.0,100.0,1,1,0,0,4.28,95.56,3.5,6,-2.0,0,0.0
b76dba6c951ab00dc4edf0a1aa88037e,SP,telephony,58.65,Dormant,2.73,81.82,11,1,1,0,4.12,96.38,8.37,19,-1.27,7,6.82
b8630e1121437d41cb08e3c749c2c2e2,RJ,musical_instruments,55.0,Dormant,5.0,0.0,1,0,1,0,3.86,71.43,1.71,7,0.0,-1,-100.0
b94cc9f10ddc85e4ba73a6f7974e7101,RJ,toys,24.05,Dormant,1.0,0.0,1,1,1,0,3.71,75.8,7.8,5,-3.0,-3,-100.0
bb7a14e229b1c95156719c3d9552eeee,RJ,small_appliances,24.05,Dormant,1.0,0.0,1,1,1,0,3.7,80.0,2.2,5,-1.5,-1,-100.0
bba74270a87732727b5a3b4fd9ac1c39,MG,sports_leisure,65.0,At-Risk,3.0,100.0,1,0,0,1,3.72,100.0,4.38,8,0.0,-1,0.0
bbad7e518d7af88a0897397ffdca1979,SP,baby,49.05,Dormant,1.0,100.0,1,1,0,1,2.95,78.11,4.6,15,-1.5,-5,58.33
bbf9ad41dca6603e614efcdad7aab8c4,CE,health_beauty,49.05,Dormant,1.0,100.0,1,1,0,0,4.42,100.0,1.4,10,-4.0,0,0.0
bce6a5ecf98e99fd2a8868b15c51f04b,SP,watches_gifts,57.44,Dormant,3.67,50.0,5,0,1,0,4.06,83.33,4.67,3,-1.16,-1,-50.0
c33847515fa6305ce6feb1e818569f13,SC,bed_bath_table,66.44,At-Risk,3.38,86.49,33,0,1,0,3.92,95.86,28.5,4,-1.07,1,-10.48
c3867b4666c7d76867627c2f7fb22e21,SP,sports_leisure,44.6,Dormant,2.0,50.0,2,1,1,1,4.01,90.27,15.31,16,-2.13,-5,-50.0
c3e1abd72a42fe690fcd89cf5720fe29,SP,pet_shop,65.0,At-Risk,3.0,100.0,1,1,0,1,4.29,100.0,3.25,4,-2.0,-3,0.0
c60b801f2d52c7f7f91de00870882a75,SP,watches_gifts,48.73,Dormant,2.5,50.0,4,1,1,0,3.27,81.55,5.12,8,-1.5,-3,-35.71
c6381d2d013342748761e906d45aff76,RS,housewares,43.33,Dormant,1.0,100.0,1,1,0,0,3.69,100.0,1.67,9,-3.5,-1,0.0
c70c1b0d8ca86052f45a432a38b73958,SP,health_beauty,67.55,At-Risk,3.8,74.58,44,1,1,0,4.27,91.54,52.2,5,-0.71,-17,-19.86
c731d18cea9bf687ffee82a241c25b11,SC,la_cuisine,59.1,At-Risk,2.33,100.0,2,1,0,0,4.0,100.0,1.71,14,-2.67,1,0.0
c84592044b180dec206770c38603814b,SP,electronics,65.42,At-Risk,3.2,100.0,5,1,0,0,4.42,100.0,3.75,4,-1.8,2,0.0
c8467937e403e76a8ee9f0ab13f6f5ef,MG,costruction_tools_tools,49.9,Dormant,4.32,0.0,1,0,1,1,4.21,81.35,3.75,8,0.0,-1,-100.0
c847e075301870dd144a116762eaff9a,MG,cool_stuff,64.6,At-Risk,3.0,100.0,2,1,0,1,4.19,92.86,4.67,9,-2.0,-1,0.0
c990d6cf976a5718aaedc539f383ab88,SP,telephony,39.41,Dormant,2.29,20.0,6,1,1,0,3.93,73.33,3.33,3,-2.21,4,-80.0
ca3bd7cd9f149df75950150d010fe4a2,SP,housewares,55.0,Dormant,5.0,0.0,1,0,1,1,3.83,93.52,3.94,18,1.0,-1,-100.0
cab85505710c7cb9b720bceb52b01cee,SP,fashion_bags_accessories,65.94,At-Risk,3.53,83.33,19,1,1,0,4.28,98.5,10.2,20,-0.83,5,-16.67
cce6ab8d1682639fe45ab70234f1665f,SP,bed_bath_table,51.55,Dormant,2.0,100.0,1,1,0,1,4.19,96.84,7.88,8,-2.71,-13,0.0
cd68562d3f44870c08922d380acae552,SP,sports_leisure,44.05,Dormant,1.0,100.0,1,1,0,1,3.59,76.23,9.62,13,-1.25,-2,0.0
cd6efc47efaabf134f8bdb654e10b4f1,RJ,stationery,53.19,Dormant,3.67,33.33,3,1,1,0,4.43,88.89,3.44,9,-1.06,-7,-66.67
ce27a3cc3c8cc1ea79d11e561e9bebb6,SP,computers_accessories,63.35,At-Risk,3.71,71.43,7,0,1,0,3.65,96.65,11.73,11,-0.79,-9,-28.57
cee48807215b30a12ca2ca10ffb5f250,SP,auto,56.55,Dormant,2.0,100.0,1,1,0,1,3.73,88.46,3.0,13,-2.0,0,0.0
cfb1a033743668a192316f3c6d1d2671,SP,bed_bath_table,55.0,Dormant,5.0,0.0,1,0,1,1,3.96,85.28,8.17,18,1.83,-7,-100.0
cfd7ddab722b902f7ac5b5f3ba6d723d,MG,housewares,55.6,Dormant,2.0,100.0,1,1,0,1,4.0,100.0,4.0,3,-3.0,-5,0.0
cfe94489ddd337d1e29e12f2a7205d10,SP,construction_tools_safety,59.15,At-Risk,4.2,40.0,3,0,1,0,4.15,85.71,2.86,7,-0.47,-3,-60.0
d25aa0aaacb370e912f8cf6efeba38b3,SC,housewares,58.97,Dormant,3.33,66.67,3,1,1,0,4.27,94.44,2.83,6,-1.67,0,-33.33
d354c38a7182125a748cb10474fe963b,RJ,sports_leisure,47.57,Dormant,4.0,0.0,2,0,1,0,4.39,88.89,1.89,9,-1.0,1,-100.0
d4e4b5192cba4e0e66eb12a9d347239d,PR,telephony,49.05,Dormant,1.0,100.0,1,1,0,1,4.0,100.0,2.0,6,-4.0,-1,0.0
d5ba419e26d246a0719437cf37d9b46d,SP,computers_accessories,65.8,At-Risk,4.0,71.43,7,0,1,0,3.76,90.89,3.4,10,-1.0,4,-28.57
d94a40fd42351c259927028d163af842,MG,housewares,64.32,At-Risk,4.0,66.67,3,0,1,0,4.16,96.07,7.21,14,1.0,-1,-33.33
d97df38225e5abadaff1e72cb72b823c,SP,auto,65.0,At-Risk,3.0,100.0,1,0,0,1,3.9,82.96,3.22,9,-1.75,-3,0.0
db46ca7bce82b11f7e247539271fc390,RJ,pet_shop,49.05,Dormant,1.0,100.0,1,1,0,0,4.08,100.0,3.2,5,-3.71,-6,0.0
dd533b429f380718b70ad9922c294bae,SP,toys,49.05,Dormant,1.0,100.0,1,1,0,0,3.69,86.06,3.73,11,-2.5,-3,0.0
df0f42bc4c2142eacf0eaf2cffd0cfbb,SC,health_beauty,49.05,Dormant,1.0,100.0,1,1,0,0,4.13,100.0,2.0,7,-2.4,-3,0.0
e06f09ec0a4aca210779cf1cfc63cf19,SP,housewares,60.41,At-Risk,2.86,85.71,7,1,0,0,4.17,93.2,4.14,7,-1.14,4,-14.29
e24fc9fcd865784fb25705606fe3dfe7,SP,health_beauty,52.1,Dormant,3.0,50.0,2,1,1,0,4.29,93.43,3.4,15,0.0,1,-50.0
e2aee0892199b1d92530e371abd825bf,PR,sports_leisure,62.1,At-Risk,3.0,100.0,2,1,0,0,4.02,91.67,2.92,13,-1.0,0,0.0
e333046ce6517bd8bb510291d44f0130,SP,housewares,66.07,At-Risk,3.67,83.33,6,1,1,0,4.41,96.2,4.86,14,0.17,4,-16.67
e3a386fc36e22064434e1fa256f6a9fa,SP,health_beauty,67.57,At-Risk,5.0,50.0,2,0,1,0,4.26,81.94,2.67,6,2.0,-1,-16.67
e504a4e2efaa45cbff7e268a2c58c956,SP,housewares,49.89,Dormant,3.0,40.0,6,0,1,0,4.0,85.0,2.75,4,-2.0,5,-60.0
e64d65bc8dbec2accda90c58de5d1246,SP,health_beauty,36.66,Dormant,1.5,33.33,6,1,1,0,3.61,77.78,4.0,3,-3.17,3,-66.67
e7df4cd29ab5abab70fb0783ddb53987,SP,fashion_sport,40.0,Dormant,3.0,0.0,1,1,1,0,4.31,81.9,1.64,14,-2.0,0,-100.0
e84ad2127668df3aafc6b73531a0beb8,SP,cool_stuff,52.1,Dormant,3.0,50.0,2,1,1,0,4.51,92.86,2.71,7,-1.67,-1,-50.0
e8b3a3a38279a82f0e5d006d5e5b7d2c,PR,consoles_games,67.31,At-Risk,3.33,100.0,3,1,0,1,3.78,97.13,14.5,6,-0.31,-18,9.52
e8b4225284fbb02d16f200513f1f395d,SP,baby,63.1,At-Risk,3.83,66.67,6,0,1,0,4.14,88.33,6.2,5,-0.67,2,-8.33
e99e927c81e3f51739c94fcdfca9f10f,MG,garden_tools,47.33,Dormant,4.0,0.0,3,0,1,0,3.81,79.17,1.83,12,0.0,2,0.0
e9bc59e7b60fc3063eb2290deda4cced,PR,computers_accessories,56.36,Dormant,3.05,56.76,31,1,1,0,4.03,91.07,12.0,18,-1.02,-4,-40.54
eb4df17aed01d918c65f0f8d650900c0,SP,auto,55.0,Dormant,5.0,0.0,1,0,1,0,3.83,66.67,1.67,6,0.0,0,-100.0
ec4608a1f76453166bb312b2968aeaf4,SP,furniture_decor,23.1,Dormant,1.0,0.0,1,1,1,0,3.24,75.83,1.8,10,-3.0,0,-100.0
ec8879960bd2221d5c32f8e12f7da711,SP,computers_accessories,65.0,At-Risk,3.0,100.0,1,1,0,0,4.47,84.17,3.0,12,0.33,-5,50.0
ede0c03645598cdfc63ca8237acbe73d,SP,computers_accessories,67.5,At-Risk,4.0,100.0,1,0,0,1,3.84,77.33,9.2,5,-1.0,-2,0.0
eeb6de78f79159600292e314a77cbd18,SC,garden_tools,64.36,At-Risk,3.75,75.0,4,0,1,0,4.42,94.74,4.37,19,-1.25,1,-25.0
ef990a83bbea832f36ebe81376335aa8,SC,sports_leisure,60.61,At-Risk,3.25,75.0,4,1,0,0,4.28,85.86,5.38,8,-1.75,0,-25.0
f00e21b1e91a79653163b7fd8f293ff1,SP,toys,65.0,At-Risk,3.0,100.0,1,1,0,1,4.15,98.0,3.1,10,0.0,-3,0.0
f08c008c8a8d31417763738a1788a2a8,PR,sports_leisure,52.27,Dormant,1.4,100.0,4,1,0,0,3.01,89.44,5.5,4,-2.23,-5,22.22
f0b47fbbc6dee9aafe415a6e33051b3f,SP,books_general_interest,66.83,At-Risk,4.0,75.0,12,0,1,0,4.18,90.17,8.5,8,-0.25,6,-12.5
f125f3a310c2e5f822d116147de1e474,SP,construction_tools_construction,67.8,At-Risk,4.0,80.0,5,0,1,0,4.46,95.94,2.0,8,-1.0,4,-20.0
f12ff17ad8bbf01ec5c33b17e506649b,SP,auto,56.5,Dormant,3.0,66.67,3,1,1,1,3.76,89.33,5.8,5,-1.2,-2,-33.33
f262cbc1c910c83959f849465454ddd3,SP,computers_accessories,57.68,Dormant,3.43,57.14,7,0,1,0,3.98,88.13,19.2,10,-1.37,-2,-32.86
f46490624488d3ff7ce78613913a7711,SP,health_beauty,63.48,At-Risk,3.5,73.33,25,0,1,0,3.84,91.98,20.75,4,-0.67,7,-26.67
f4aba7c0bca51484c30ab7bdc34bcdd1,SP,health_beauty,65.84,At-Risk,3.88,75.0,9,0,1,0,3.91,90.74,14.86,7,0.0,-7,-12.5
f52c2422904463fdd7741f99045fecb6,SP,housewares,67.61,At-Risk,4.0,80.0,5,0,1,0,4.4,93.33,4.0,3,-0.2,0,-20.0
f593898ec748b7a8cb81fc04edafd98a,SP,furniture_decor,47.5,Dormant,4.0,0.0,1,0,1,0,3.29,77.62,2.83,6,-0.33,-2,-100.0
f5b44895715ddfe3087dc414f30268f3,SP,auto,64.83,At-Risk,3.0,100.0,3,1,0,0,4.23,90.0,1.9,10,-2.0,2,0.0
f5f1f2c5f923f36ad79ea1d07185ddc9,SP,pet_shop,49.05,Dormant,1.0,100.0,1,1,0,0,2.43,96.3,4.0,3,-2.3,-8,11.11
f5f2ab9bdb6b30c14c61be68c5ed37da,SP,toys,24.05,Dormant,1.0,0.0,1,1,1,1,4.0,75.0,2.0,8,-3.0,0,0.0
f615fe7efbef0f4f08fd3086bc7a3e60,SP,toys,62.1,At-Risk,3.0,100.0,2,1,0,0,4.05,94.72,5.75,4,-1.0,-1,0.0
f62d7bb4a613ec758a03342d46b580b2,MG,small_appliances_home_oven_and_coffee,66.86,At-Risk,3.25,100.0,4,1,0,0,4.44,89.17,4.0,8,-1.58,-2,0.0
f8201cab383e484733266d1906e2fdfa,SC,cool_stuff,56.5,Dormant,3.0,66.67,3,1,0,0,4.29,80.95,1.43,7,-1.0,2,-33.33
f9244d45189d3a3605499abddeade7d5,SP,small_appliances,65.0,At-Risk,3.0,100.0,1,1,0,0,4.18,100.0,1.62,13,2.0,0,0.0
f9903dd0f812c7e771fcad47b6fff231,SC,construction_tools_lights,48.1,Dormant,1.0,100.0,1,1,0,0,3.0,100.0,1.43,7,-3.0,-1,0.0
fa74b2f3287d296e9fbd2cc80f2d1cf1,SP,perfumery,44.76,Dormant,2.0,50.0,7,0,1,0,3.11,83.33,3.67,3,-0.33,4,0.0
fad44952713764836814be105382aee5,RJ,health_beauty,66.23,At-Risk,4.0,75.0,4,0,1,0,4.27,96.43,4.57,7,-0.8,-1,-25.0
ff1fb4c404b2efe68b03350a8dc24122,SP,toys,46.34,Dormant,2.43,42.86,7,1,1,0,4.12,84.0,5.75,8,-2.57,4,-23.81
ffeee66ac5d5a62fe688b9d26f83f534,SP,home_appliances,24.05,Dormant,1.0,0.0,1,1,1,0,3.89,78.57,2.0,7,-4.0,-2,-100.0
ffff564a4f9085cd26170f4732393726,SP,auto,49.05,Dormant,1.0,100.0,1,0,0,1,1.92,100.0,5.33,3,-0.44,-8,0.0
