model_id,year,country,units_sold,total_revenue,profit,performance
TataModel_30,2015,India,5510,276182003.19,25243035.09,Underperformer
TataModel_30,2016,India,6692,142767280.77,15019117.94,Underperformer
TataModel_30,2017,India,4338,282338374.39,63130860.51,Underperformer
TataModel_30,2018,India,4711,215669898.36,46670966,Underperformer
TataModel_30,2019,India,2255,75706931.32,22015575.63,Underperformer
TataModel_30,2020,India,6710,354642726.61,63445583.79,Underperformer
TataModel_30,2021,India,5439,201553504.95,48695326.8,Underperformer
TataModel_30,2022,India,5918,222695202.79,43470103.59,Underperformer
TataModel_30,2023,India,2514,135624524.2,22527233.47,Underperformer
TataModel_30,2024,India,4265,243380099.98,30836258.67,Underperformer
TataModel_30,2015,USA,2749,187381161.56,29268937.44,Underperformer
TataModel_30,2016,USA,878,25669861.68,3940323.77,Underperformer
TataModel_30,2017,USA,6907,44952028.87,9219661.12,Underperformer
TataModel_30,2018,USA,5153,275259242.89,56318041.1,Underperformer
TataModel_30,2019,USA,4519,211178850.3,16936543.79,Underperformer
TataModel_30,2020,USA,455,31196003.24,7015981.13,Underperformer
TataModel_30,2021,USA,5156,314056968.9,41047245.84,Underperformer
TataModel_30,2022,USA,2500,140819519.84,13898886.61,Underperformer
TataModel_30,2023,USA,2590,27603695.78,2026111.27,Underperformer
TataModel_30,2024,USA,6793,356929224.21,19809571.94,Underperformer
TataModel_30,2015,UK,6478,321976416.22,16903761.85,Underperformer
TataModel_30,2016,UK,2923,149433239.13,11864999.19,Underperformer
TataModel_30,2017,UK,4885,51170809.24,6539629.42,Underperformer
TataModel_30,2018,UK,1910,108078735.25,14255585.18,Underperformer
TataModel_30,2019,UK,5012,26558932.45,4515018.52,Underperformer
TataModel_30,2020,UK,253,15506535.14,3326151.79,Underperformer
TataModel_30,2021,UK,5326,130827044.16,24987965.43,Underperformer
TataModel_30,2022,UK,5176,308938161.36,68985891.43,Underperformer
TataModel_30,2023,UK,3780,158548493.07,44139900.47,Underperformer
TataModel_30,2024,UK,3893,116333793.51,7573329.96,Underperformer
TataModel_30,2015,Germany,613,21869204.94,3934269.97,Underperformer
TataModel_30,2016,Germany,737,4474348.3,1264898.26,Underperformer
TataModel_30,2017,Germany,497,28519302.53,1967831.87,Underperformer
TataModel_30,2018,Germany,2762,87220737.31,6297337.23,Underperformer
TataModel_30,2019,Germany,2089,56137419.72,11929201.69,Underperformer
TataModel_30,2020,Germany,1828,108490887.72,26005265.79,Underperformer
TataModel_30,2021,Germany,5741,354147186.74,58965506.59,Underperformer
TataModel_30,2022,Germany,2210,45249743.92,3900527.93,Underperformer
TataModel_30,2023,Germany,5624,348348580.46,55282919.72,Underperformer
TataModel_30,2024,Germany,3225,63762675.27,5043627.61,Underperformer
TataModel_30,2015,France,2683,181285095.52,23893375.59,Underperformer
TataModel_30,2016,France,381,12226722.99,2471020.72,Underperformer
TataModel_30,2017,France,3493,227158804.38,66784688.49,Underperformer
TataModel_30,2018,France,2482,156043862.83,19146581.97,Underperformer
TataModel_30,2019,France,1126,71379650.47,15339486.89,Underperformer
TataModel_30,2020,France,6946,183575230.5,26838698.7,Underperformer
TataModel_30,2021,France,6833,134436608.85,19291653.37,Underperformer
TataModel_30,2022,France,6608,381314144.26,91095949.06,Underperformer
TataModel_30,2023,France,2186,70375715.48,6861632.26,Underperformer
TataModel_30,2024,France,5551,269195584.26,52089345.55,Underperformer
TataModel_30,2015,Australia,6855,245376977.11,28071126.18,Underperformer
TataModel_30,2016,Australia,1473,56489332.7,16444044.75,Underperformer
TataModel_30,2017,Australia,4599,281636729.17,31064531.23,Underperformer
TataModel_30,2018,Australia,4118,32993370.58,2672463.02,Underperformer
TataModel_30,2019,Australia,2019,56515196.49,4962034.25,Underperformer
TataModel_30,2020,Australia,5737,124243544.62,11703741.9,Underperformer
TataModel_30,2021,Australia,1706,37084301.85,3930936,Underperformer
TataModel_30,2022,Australia,5315,28359056.17,4900444.91,Underperformer
TataModel_30,2023,Australia,6743,420805511.66,40481490.22,Underperformer
TataModel_30,2024,Australia,1865,117098034.4,14110313.14,Underperformer
TataModel_30,2015,Japan,5478,203018846.08,27793280.03,Underperformer
TataModel_30,2016,Japan,2345,46961209.54,6006338.7,Underperformer
TataModel_30,2017,Japan,4125,33389875.74,9369199.13,Underperformer
TataModel_30,2018,Japan,1711,20298309.38,3067074.55,Underperformer
TataModel_30,2019,Japan,5496,88610415.59,25847658.23,Underperformer
TataModel_30,2020,Japan,1631,103523959.83,23003023.87,Underperformer
TataModel_30,2021,Japan,3815,40122943.54,11595530.68,Underperformer
TataModel_30,2022,Japan,272,17600449.75,4650038.82,Underperformer
TataModel_30,2023,Japan,2735,65886063.03,6127403.86,Underperformer
TataModel_30,2024,Japan,1518,57221080.56,15958959.37,Underperformer
TataModel_8,2015,India,2311,50777770.2,13593209.08,Star
TataModel_8,2016,India,4371,226541679.94,50632065.47,Star
TataModel_8,2017,India,1685,81721686.42,23552190.03,Star
TataModel_8,2018,India,5846,249219904.82,24523238.63,Star
TataModel_8,2019,India,3588,55459235.4,8191329.07,Star
TataModel_8,2020,India,3039,191913309.83,24008355.06,Star
TataModel_8,2021,India,3195,184576397.48,38078110.8,Star
TataModel_8,2022,India,4665,281350544.14,35872194.38,Star
TataModel_8,2023,India,5111,93026403.74,22065862.97,Star
TataModel_8,2024,India,523,28603242.32,4370575.43,Star
TataModel_8,2015,USA,2795,156128656.7,10819715.91,Star
TataModel_8,2016,USA,3882,241637695.13,42914854.66,Star
TataModel_8,2017,USA,4227,202368432.98,53647871.58,Star
TataModel_8,2018,USA,4485,120209861.66,13667861.27,Star
TataModel_8,2019,USA,6894,236190974.9,20737567.6,Star
TataModel_8,2020,USA,1145,74215863.93,12037813.13,Star
TataModel_8,2021,USA,5311,265122625.35,52335206.24,Star
TataModel_8,2022,USA,6424,372735282.07,52965683.58,Star
TataModel_8,2023,USA,5434,106664547.12,17962309.73,Star
TataModel_8,2024,USA,1123,54875142.81,13823048.47,Star
TataModel_8,2015,UK,2465,74302320.47,22216393.82,Star
TataModel_8,2016,UK,2922,40134510.22,5887732.65,Star
TataModel_8,2017,UK,4315,265778393.33,45182326.87,Star
TataModel_8,2018,UK,3331,107613628.94,31240236.48,Star
TataModel_8,2019,UK,2902,147492523.35,42359852.71,Star
TataModel_8,2020,UK,6979,58600155.47,13132294.84,Star
TataModel_8,2021,UK,6234,374875244.03,102340941.62,Star
TataModel_8,2022,UK,3463,133926273.93,9160557.14,Star
TataModel_8,2023,UK,980,60655987.01,12100869.41,Star
TataModel_8,2024,UK,1430,46121108.73,6650663.88,Star
TataModel_8,2015,Germany,1636,13618296.25,2902058.93,Star
TataModel_8,2016,Germany,4859,207749136.5,27859159.2,Star
TataModel_8,2017,Germany,3041,170497447.01,25523467.82,Star
TataModel_8,2018,Germany,2556,114096336.67,26379073.04,Star
TataModel_8,2019,Germany,3046,119154773.84,24081179.79,Star
TataModel_8,2020,Germany,421,21245201.49,4363764.39,Star
TataModel_8,2021,Germany,3295,161457503.07,26737362.51,Star
TataModel_8,2022,Germany,4413,198831897.19,24973286.29,Star
TataModel_8,2023,Germany,518,31289818.73,1614554.65,Star
TataModel_8,2024,Germany,5631,159028182.1,28275210.78,Star
TataModel_8,2015,France,2117,60787790.38,14558675.8,Star
TataModel_8,2016,France,4437,111224671.78,26460349.42,Star
TataModel_8,2017,France,5006,126450961.52,29678040.67,Star
TataModel_8,2018,France,6277,246323591.58,12661032.61,Star
TataModel_8,2019,France,4965,346418110.18,65611590.07,Star
TataModel_8,2020,France,5883,343253238.45,72941313.17,Star
TataModel_8,2021,France,5336,228617511.49,23753359.44,Star
TataModel_8,2022,France,1016,39418768.45,9062374.87,Star
TataModel_8,2023,France,346,21055385.12,5350173.36,Star
TataModel_8,2024,France,404,22597509.69,3694692.83,Star
TataModel_8,2015,Australia,1677,43434529.32,10867319.24,Star
TataModel_8,2016,Australia,6122,408026109.1,24971197.88,Star
TataModel_8,2017,Australia,6628,340782591.71,94021917.05,Star
TataModel_8,2018,Australia,4110,39347570.68,4383319.37,Star
TataModel_8,2019,Australia,6323,210315591.02,55123716.41,Star
TataModel_8,2020,Australia,4580,56682928.86,15995922.53,Star
TataModel_8,2021,Australia,5761,88408038.8,19829923.1,Star
TataModel_8,2022,Australia,6543,181435128.19,40822903.84,Star
TataModel_8,2023,Australia,167,6577823.5,1303724.62,Star
TataModel_8,2024,Australia,3988,210312217.2,21241533.94,Star
TataModel_8,2015,Japan,5570,311822604.56,73995504.06,Star
TataModel_8,2016,Japan,4647,88273574.71,25202105.58,Star
TataModel_8,2017,Japan,1458,90594705.32,26236226.66,Star
TataModel_8,2018,Japan,6905,261733551.06,55461339.47,Star
TataModel_8,2019,Japan,5787,68218013.03,6132799.37,Star
TataModel_8,2020,Japan,1650,70298080.31,9904999.52,Star
TataModel_8,2021,Japan,3222,175630815.21,12329283.23,Star
TataModel_8,2022,Japan,227,9637335.16,1524626.42,Star
TataModel_8,2023,Japan,3282,176942280.81,30221741.56,Star
TataModel_8,2024,Japan,5848,123653654.47,23160329.48,Star
TataModel_22,2015,India,3419,29904459.46,3077168.88,Star
TataModel_22,2016,India,6986,93762212.47,5766376.07,Star
TataModel_22,2017,India,6209,411757334.92,54722549.81,Star
TataModel_22,2018,India,2390,30182093.62,6582714.62,Star
TataModel_22,2019,India,3285,78106508.21,16808520.57,Star
TataModel_22,2020,India,4207,56374452.86,11618774.73,Star
TataModel_22,2021,India,3939,263964237.96,59787899.9,Star
TataModel_22,2022,India,1658,76866238.95,16887512.7,Star
TataModel_22,2023,India,2588,38307551.62,6339899.79,Star
TataModel_22,2024,India,6913,390443486.86,22489544.84,Star
TataModel_22,2015,USA,819,19183432.87,993701.82,Star
TataModel_22,2016,USA,2843,160098873.14,32676180.01,Star
TataModel_22,2017,USA,5632,337271656.77,27588821.52,Star
TataModel_22,2018,USA,1124,55680332.87,10935617.38,Star
TataModel_22,2019,USA,1368,78231218.16,20113246.19,Star
TataModel_22,2020,USA,4646,252695055.71,26356094.31,Star
TataModel_22,2021,USA,1245,36825682.02,2931324.29,Star
TataModel_22,2022,USA,3297,137474364.82,14641019.85,Star
TataModel_22,2023,USA,2963,127489899.98,36462111.39,Star
TataModel_22,2024,USA,6601,288927263.5,25570062.82,Star
TataModel_22,2015,UK,5476,30999638.73,8376102.38,Star
TataModel_22,2016,UK,6159,272062696.62,50413217.68,Star
TataModel_22,2017,UK,4560,297995964.08,39842060.4,Star
TataModel_22,2018,UK,223,14828441.58,1970699.89,Star
TataModel_22,2019,UK,2371,22992584.43,4904318.26,Star
TataModel_22,2020,UK,6519,314766290.55,27762386.83,Star
TataModel_22,2021,UK,2854,165012266.91,37787809.12,Star
TataModel_22,2022,UK,4342,176934906.64,24806273.91,Star
TataModel_22,2023,UK,6158,193922845.29,33800751.93,Star
TataModel_22,2024,UK,6593,353836137.87,48758619.8,Star
TataModel_22,2015,Germany,5503,263087000.49,60957258.01,Star
TataModel_22,2016,Germany,1608,18091600.02,1043885.32,Star
TataModel_22,2017,Germany,1168,44214153.84,9417614.77,Star
TataModel_22,2018,Germany,5086,314815640.64,32740826.63,Star
TataModel_22,2019,Germany,6347,310813501.23,65301916.61,Star
TataModel_22,2020,Germany,3663,19529718.17,1812357.85,Star
TataModel_22,2021,Germany,6730,335104918.27,32773261.01,Star
TataModel_22,2022,Germany,2562,70808432.56,12285263.05,Star
TataModel_22,2023,Germany,279,11411198.48,1532523.96,Star
TataModel_22,2024,Germany,1374,44706586.65,7586707.75,Star
TataModel_22,2015,France,4335,248433039.77,19253560.58,Star
TataModel_22,2016,France,1917,87476063.12,20635603.29,Star
TataModel_22,2017,France,6167,382495465.97,28725409.49,Star
TataModel_22,2018,France,2057,48474749.08,13359640.85,Star
TataModel_22,2019,France,1949,110780649.8,13847581.23,Star
TataModel_22,2020,France,6750,469497082.33,92866522.88,Star
TataModel_22,2021,France,2380,161833234.26,16555539.87,Star
TataModel_22,2022,France,6824,414514346.72,46176898.22,Star
TataModel_22,2023,France,892,4558813.28,1302452.95,Star
TataModel_22,2024,France,704,25636429.91,6985927.15,Star
TataModel_22,2015,Australia,4948,234360067.88,22639182.56,Star
TataModel_22,2016,Australia,3758,159142790,29887015.96,Star
TataModel_22,2017,Australia,6208,252686647.33,48793791.6,Star
TataModel_22,2018,Australia,1000,21299671.87,2504841.41,Star
TataModel_22,2019,Australia,5052,163400219.47,9232112.4,Star
TataModel_22,2020,Australia,804,16159781.54,2569405.26,Star
TataModel_22,2021,Australia,1260,74334292.9,5798074.85,Star
TataModel_22,2022,Australia,6667,435568630.75,102663526.27,Star
TataModel_22,2023,Australia,6130,321588251.49,26402395.45,Star
TataModel_22,2024,Australia,1558,62662217.25,4530478.31,Star
TataModel_22,2015,Japan,2779,128866271.78,36971733.37,Star
TataModel_22,2016,Japan,431,9350565.03,1765386.68,Star
TataModel_22,2017,Japan,415,24842573.29,1788665.28,Star
TataModel_22,2018,Japan,6332,47897849.04,6126134.89,Star
TataModel_22,2019,Japan,5194,338910386.79,95945530.5,Star
TataModel_22,2020,Japan,4146,253410317.21,35933582.98,Star
TataModel_22,2021,Japan,6775,205534480.78,43902165.09,Star
TataModel_22,2022,Japan,4847,78479669.17,4434101.31,Star
TataModel_22,2023,Japan,1501,68196029.37,19019872.59,Star
TataModel_22,2024,Japan,6010,182889865.38,45777333.3,Star
TataModel_34,2015,India,6255,251961495.79,48880530.18,Weak
TataModel_34,2016,India,3972,75639677.1,16678548.8,Weak
TataModel_34,2017,India,2310,130324539.44,32437777.87,Weak
TataModel_34,2018,India,2068,43026066.21,4311211.83,Weak
TataModel_34,2019,India,6359,174659147.05,18723460.56,Weak
TataModel_34,2020,India,2556,147163408.09,28152359.97,Weak
TataModel_34,2021,India,2841,96842626.69,6314139.26,Weak
TataModel_34,2022,India,764,39974118.71,2574333.24,Weak
TataModel_34,2023,India,5956,104048242.16,6170060.76,Weak
TataModel_34,2024,India,1243,16169485.55,832728.51,Weak
TataModel_34,2015,USA,4895,330187883.82,97405425.73,Weak
TataModel_34,2016,USA,2496,107936720.93,21975916.38,Weak
TataModel_34,2017,USA,2042,77108504.77,10694949.61,Weak
TataModel_34,2018,USA,1994,25439329.98,6011313.67,Weak
TataModel_34,2019,USA,1642,38524377.6,10740596.48,Weak
TataModel_34,2020,USA,2472,116227886.21,14121688.17,Weak
TataModel_34,2021,USA,946,13215705.06,3917134.98,Weak
TataModel_34,2022,USA,2834,21810476.47,4091645.39,Weak
TataModel_34,2023,USA,6389,136254439.79,9960199.55,Weak
TataModel_34,2024,USA,5438,364945775.54,101564409.33,Weak
TataModel_34,2015,UK,1292,63120104.77,13034301.64,Weak
TataModel_34,2016,UK,4584,113651056.94,28049080.85,Weak
TataModel_34,2017,UK,4697,60455961.44,3929637.49,Weak
TataModel_34,2018,UK,5022,155959666.97,8281458.32,Weak
TataModel_34,2019,UK,1362,94406806.26,28095465.54,Weak
TataModel_34,2020,UK,227,1512256.74,119619.51,Weak
TataModel_34,2021,UK,2844,167465043.69,36323167.98,Weak
TataModel_34,2022,UK,4079,236229722.53,37962116.41,Weak
TataModel_34,2023,UK,6562,223441260.13,54072784.95,Weak
TataModel_34,2024,UK,5160,46895628.63,3034147.17,Weak
TataModel_34,2015,Germany,286,19358116.76,2400406.48,Weak
TataModel_34,2016,Germany,4127,230558550.44,30549007.93,Weak
TataModel_34,2017,Germany,925,27177642.63,5296922.55,Weak
TataModel_34,2018,Germany,1335,78477149.74,13670719.49,Weak
TataModel_34,2019,Germany,483,9345434.07,2684008.67,Weak
TataModel_34,2020,Germany,5467,186033912.4,43252884.63,Weak
TataModel_34,2021,Germany,2525,40396354.46,2609604.5,Weak
TataModel_34,2022,Germany,1245,20960357.75,4464556.2,Weak
TataModel_34,2023,Germany,6875,75495465.02,5828249.9,Weak
TataModel_34,2024,Germany,3828,177325254.17,41174924.02,Weak
TataModel_34,2015,France,1697,59801790.86,15512584.55,Weak
TataModel_34,2016,France,1561,41950374.78,10856756.99,Weak
TataModel_34,2017,France,3782,50649256.45,5363756.26,Weak
TataModel_34,2018,France,4444,30540344.95,6639470.99,Weak
TataModel_34,2019,France,2598,118470858.23,10697918.5,Weak
TataModel_34,2020,France,4395,90269625.74,16690853.8,Weak
TataModel_34,2021,France,1074,8768408,2218407.22,Weak
TataModel_34,2022,France,5089,345313346.17,94408668.84,Weak
TataModel_34,2023,France,1391,38204024.83,6750651.19,Weak
TataModel_34,2024,France,1366,65832558.66,11152035.44,Weak
TataModel_34,2015,Australia,5802,111073291,32777728.17,Weak
TataModel_34,2016,Australia,4465,220344496.84,13264738.71,Weak
TataModel_34,2017,Australia,4068,29272848.61,2467701.14,Weak
TataModel_34,2018,Australia,1884,87631158.95,18761831.13,Weak
TataModel_34,2019,Australia,2758,147567277.24,8942577,Weak
TataModel_34,2020,Australia,4192,134601568.36,22788045.52,Weak
TataModel_34,2021,Australia,3519,154819801.58,16519272.83,Weak
TataModel_34,2022,Australia,667,8281114.89,633505.29,Weak
TataModel_34,2023,Australia,2609,174663824.21,24976926.86,Weak
TataModel_34,2024,Australia,325,20337522.84,3005885.88,Weak
TataModel_34,2015,Japan,2397,147762923.65,11111771.86,Weak
TataModel_34,2016,Japan,675,26286297.56,5535894.27,Weak
TataModel_34,2017,Japan,1843,19028973.8,1792529.33,Weak
TataModel_34,2018,Japan,773,38460273.24,7430524.79,Weak
TataModel_34,2019,Japan,2665,150535925.83,34382405.46,Weak
TataModel_34,2020,Japan,1821,68158833.05,14919968.56,Weak
TataModel_34,2021,Japan,3979,168636752.75,44621284.78,Weak
TataModel_34,2022,Japan,3291,99056457.17,12114604.71,Weak
TataModel_34,2023,Japan,2733,149191230.27,14695336.18,Weak
TataModel_34,2024,Japan,2449,100836567.55,21770614.93,Weak
TataModel_2,2015,India,5019,216939291.92,34276408.12,Weak
TataModel_2,2016,India,3166,82585675.78,8638461.69,Weak
TataModel_2,2017,India,4943,144144933.13,24504638.63,Weak
TataModel_2,2018,India,5397,134628428.42,22254079.22,Weak
TataModel_2,2019,India,4160,209518146.09,37503748.15,Weak
TataModel_2,2020,India,1439,30787110.43,8069301.64,Weak
TataModel_2,2021,India,2407,21860695.22,2100812.81,Weak
TataModel_2,2022,India,3819,61000431.64,3574625.29,Weak
TataModel_2,2023,India,5505,217536373.17,51425598.62,Weak
TataModel_2,2024,India,811,11085408.57,1462165.39,Weak
TataModel_2,2015,USA,3580,39035180.21,7838264.19,Weak
TataModel_2,2016,USA,6817,224634187.72,45241325.41,Weak
TataModel_2,2017,USA,149,7990968.26,1685295.21,Weak
TataModel_2,2018,USA,3840,49016515.58,5024192.85,Weak
TataModel_2,2019,USA,1327,15179162.56,2448398.92,Weak
TataModel_2,2020,USA,1902,126494432.4,28878678.92,Weak
TataModel_2,2021,USA,3908,26358714.87,6990331.18,Weak
TataModel_2,2022,USA,5195,183933889.14,35646387.72,Weak
TataModel_2,2023,USA,6103,92117735.48,15484991.33,Weak
TataModel_2,2024,USA,2049,97682080.65,6046520.79,Weak
TataModel_2,2015,UK,1319,31309090.85,9004494.53,Weak
TataModel_2,2016,UK,5898,175265147.03,18735844.22,Weak
TataModel_2,2017,UK,6532,225243944,30115115.31,Weak
TataModel_2,2018,UK,3287,199060677.11,52970046.18,Weak
TataModel_2,2019,UK,6657,314853039.36,31359362.72,Weak
TataModel_2,2020,UK,5510,285848906.27,37474791.61,Weak
TataModel_2,2021,UK,6176,117347813.47,32751774.74,Weak
TataModel_2,2022,UK,2018,102737810.39,25869380.66,Weak
TataModel_2,2023,UK,4461,99885993.29,24062535.78,Weak
TataModel_2,2024,UK,6492,255021881.71,63245426.66,Weak
TataModel_2,2015,Germany,5541,54052432.3,5389027.5,Weak
TataModel_2,2016,Germany,6922,399306754.17,49354314.82,Weak
TataModel_2,2017,Germany,5193,212672550.59,16673527.97,Weak
TataModel_2,2018,Germany,215,2156923.68,201025.29,Weak
TataModel_2,2019,Germany,791,12922572.92,651297.68,Weak
TataModel_2,2020,Germany,3373,87208945.5,13438898.5,Weak
TataModel_2,2021,Germany,4411,170597769.8,35450216.56,Weak
TataModel_2,2022,Germany,2380,41299568.87,10618119.16,Weak
TataModel_2,2023,Germany,3193,208330120.64,40936868.71,Weak
TataModel_2,2024,Germany,6460,152327538.2,17548132.4,Weak
TataModel_2,2015,France,5984,167809473.55,11948034.52,Weak
TataModel_2,2016,France,952,60017627.26,17831237.06,Weak
TataModel_2,2017,France,2107,25373317.01,7287216.65,Weak
TataModel_2,2018,France,6413,48091493.99,11354401.73,Weak
TataModel_2,2019,France,5232,315114564.81,28990539.96,Weak
TataModel_2,2020,France,2467,53077817.83,12457363.85,Weak
TataModel_2,2021,France,2319,123820497.19,32465734.36,Weak
TataModel_2,2022,France,5996,289532723.75,80374284.11,Weak
TataModel_2,2023,France,2201,81766392.15,18814446.83,Weak
TataModel_2,2024,France,2141,122779577.52,31492961.63,Weak
TataModel_2,2015,Australia,4199,273049206.53,33148173.67,Weak
TataModel_2,2016,Australia,2183,45780611.42,3094769.33,Weak
TataModel_2,2017,Australia,2391,28444497.21,2267026.43,Weak
TataModel_2,2018,Australia,2330,105203154.84,21966418.73,Weak
TataModel_2,2019,Australia,5089,273938957.63,71141947.3,Weak
TataModel_2,2020,Australia,2657,36720893.01,4733323.11,Weak
TataModel_2,2021,Australia,806,12362081.98,2934758.26,Weak
TataModel_2,2022,Australia,2223,47693923.81,11079298.5,Weak
TataModel_2,2023,Australia,568,4517059.07,907477.17,Weak
TataModel_2,2024,Australia,3623,63840122.12,11216709.46,Weak
TataModel_2,2015,Japan,5855,387783656.22,92912964.03,Weak
TataModel_2,2016,Japan,2665,58166483.65,17339428.78,Weak
TataModel_2,2017,Japan,1802,11300006.96,2275821.4,Weak
TataModel_2,2018,Japan,5393,276879531.63,56178856.97,Weak
TataModel_2,2019,Japan,2712,181276460.71,17765093.15,Weak
TataModel_2,2020,Japan,541,16086153.46,1348019.66,Weak
TataModel_2,2021,Japan,1243,79297157.11,14368644.87,Weak
TataModel_2,2022,Japan,1506,85409272.45,15749469.84,Weak
TataModel_2,2023,Japan,4720,36234443.85,7852003.98,Weak
TataModel_2,2024,Japan,3773,91424846.4,5960899.99,Weak
TataModel_13,2015,India,1442,46463998.64,7499289.38,Star
TataModel_13,2016,India,2641,56386288.06,8706042.88,Star
TataModel_13,2017,India,5870,272833055.38,63842934.96,Star
TataModel_13,2018,India,100,6056361.31,1540738.32,Star
TataModel_13,2019,India,6909,450302241.69,26342681.14,Star
TataModel_13,2020,India,1234,47353546.92,10848697.6,Star
TataModel_13,2021,India,448,15357959.63,2802827.63,Star
TataModel_13,2022,India,1888,131962437.07,8471988.46,Star
TataModel_13,2023,India,4202,98996560.38,25966797.79,Star
TataModel_13,2024,India,3206,158308217.28,15023449.82,Star
TataModel_13,2015,USA,1682,115951342.72,34599880.67,Star
TataModel_13,2016,USA,5659,48192743.29,9185536.87,Star
TataModel_13,2017,USA,2183,12952017.26,2520462.56,Star
TataModel_13,2018,USA,5503,281012177.07,55809018.37,Star
TataModel_13,2019,USA,2426,37934270.12,8944900.89,Star
TataModel_13,2020,USA,5070,236809127.24,59249643.63,Star
TataModel_13,2021,USA,2782,138285227.22,19318446.24,Star
TataModel_13,2022,USA,6873,230021536.6,33100099.12,Star
TataModel_13,2023,USA,143,4582328.4,644733.61,Star
TataModel_13,2024,USA,5007,298220934.71,45061183.24,Star
TataModel_13,2015,UK,2825,153041702.5,27792373.17,Star
TataModel_13,2016,UK,906,47538795.89,5937595.61,Star
TataModel_13,2017,UK,3439,90381075.62,17949681.62,Star
TataModel_13,2018,UK,2085,126284094.34,7286592.24,Star
TataModel_13,2019,UK,6487,422441819.77,33795345.58,Star
TataModel_13,2020,UK,985,53498241.81,13112419.07,Star
TataModel_13,2021,UK,6371,137312691.95,16628567,Star
TataModel_13,2022,UK,4345,32689279.55,2007121.76,Star
TataModel_13,2023,UK,6410,403655686.7,86059392.4,Star
TataModel_13,2024,UK,5606,312311547.97,64304947.73,Star
TataModel_13,2015,Germany,391,23625252.25,2005783.92,Star
TataModel_13,2016,Germany,947,39243372.86,9104462.5,Star
TataModel_13,2017,Germany,3858,133414671.06,15596175.05,Star
TataModel_13,2018,Germany,6769,438127014.89,89334098.34,Star
TataModel_13,2019,Germany,1225,75407255.91,11763531.92,Star
TataModel_13,2020,Germany,5100,287559024.87,79021220.03,Star
TataModel_13,2021,Germany,6504,247055096.8,20802039.15,Star
TataModel_13,2022,Germany,1219,20434463.15,1452890.33,Star
TataModel_13,2023,Germany,3294,153671312.15,15105889.98,Star
TataModel_13,2024,Germany,780,12460611.84,2174376.77,Star
TataModel_13,2015,France,388,20863917.06,1975812.95,Star
TataModel_13,2016,France,631,28379867.08,5812196.78,Star
TataModel_13,2017,France,3032,100157484.62,7682079.07,Star
TataModel_13,2018,France,4082,280186116.02,24404210.7,Star
TataModel_13,2019,France,1316,59338188.46,17486964.14,Star
TataModel_13,2020,France,5887,411874377.89,23023777.72,Star
TataModel_13,2021,France,4136,173787335.32,49668420.43,Star
TataModel_13,2022,France,4807,206496019.42,54060657.88,Star
TataModel_13,2023,France,1689,52877676.3,14668267.41,Star
TataModel_13,2024,France,541,12050808.05,3204309.86,Star
TataModel_13,2015,Australia,6339,113276195.63,24671555.41,Star
TataModel_13,2016,Australia,6358,300925075.93,31687410.5,Star
TataModel_13,2017,Australia,4653,113034426.38,26337021.35,Star
TataModel_13,2018,Australia,6854,218886859.45,43098822.63,Star
TataModel_13,2019,Australia,1838,104156290.02,22997708.84,Star
TataModel_13,2020,Australia,553,18072035.38,4958966.51,Star
TataModel_13,2021,Australia,2827,134281253.58,29394166.41,Star
TataModel_13,2022,Australia,2113,123464568.3,35841764.18,Star
TataModel_13,2023,Australia,1917,104997744.21,18049112.23,Star
TataModel_13,2024,Australia,6231,196199090.43,22994533.4,Star
TataModel_13,2015,Japan,6887,109290850.96,11978277.27,Star
TataModel_13,2016,Japan,5185,296992255.82,73208591.06,Star
TataModel_13,2017,Japan,1749,21068404.79,3777564.98,Star
TataModel_13,2018,Japan,6147,374172128.18,95563561.54,Star
TataModel_13,2019,Japan,230,4990109.81,1381262.4,Star
TataModel_13,2020,Japan,4907,298133303.72,85564258.17,Star
TataModel_13,2021,Japan,3854,179798826.21,16433612.72,Star
TataModel_13,2022,Japan,3189,40777362.59,2593440.26,Star
TataModel_13,2023,Japan,5228,237191185.98,65820554.11,Star
TataModel_13,2024,Japan,1654,80647476.85,4225927.79,Star
TataModel_23,2015,India,2715,22312168.1,2878269.68,Weak
TataModel_23,2016,India,3782,160323105.28,26629667.79,Weak
TataModel_23,2017,India,6863,224395394.65,66712750.83,Weak
TataModel_23,2018,India,2154,106342927.94,8475531.36,Weak
TataModel_23,2019,India,2021,87727423.13,7219966.92,Weak
TataModel_23,2020,India,2713,137298010.05,19290370.41,Weak
TataModel_23,2021,India,2301,71529980.97,16244458.68,Weak
TataModel_23,2022,India,5780,349166709.2,53492339.85,Weak
TataModel_23,2023,India,5285,54636100.94,14642475.05,Weak
TataModel_23,2024,India,3669,91115927.8,19143456.43,Weak
TataModel_23,2015,USA,5510,254744411.73,54209610.82,Weak
TataModel_23,2016,USA,1239,41829607.45,8453763.67,Weak
TataModel_23,2017,USA,377,21961487.42,6081135.87,Weak
TataModel_23,2018,USA,2513,148330298.36,19312604.85,Weak
TataModel_23,2019,USA,3368,50630901.84,4749178.59,Weak
TataModel_23,2020,USA,2726,58725430.98,3711447.24,Weak
TataModel_23,2021,USA,666,19401486.18,1678228.55,Weak
TataModel_23,2022,USA,2816,64599330.82,6304894.69,Weak
TataModel_23,2023,USA,5105,231995938.73,16958903.12,Weak
TataModel_23,2024,USA,6196,312369342.59,50260227.22,Weak
TataModel_23,2015,UK,4869,159922854.85,45546029.06,Weak
TataModel_23,2016,UK,2321,155538518.15,28899056.67,Weak
TataModel_23,2017,UK,3104,69498893.99,4837123.02,Weak
TataModel_23,2018,UK,6540,271279735.5,33096127.73,Weak
TataModel_23,2019,UK,2416,66420865.25,15974218.09,Weak
TataModel_23,2020,UK,4174,162444225.25,28557694.8,Weak
TataModel_23,2021,UK,4177,184525413.88,33103859.25,Weak
TataModel_23,2022,UK,5191,357090113.44,21818205.93,Weak
TataModel_23,2023,UK,4398,279043728.57,34182856.75,Weak
TataModel_23,2024,UK,5105,216387701.66,36959019.44,Weak
TataModel_23,2015,Germany,2038,83610291.29,4473150.58,Weak
TataModel_23,2016,Germany,3788,67552783.18,6052729.37,Weak
TataModel_23,2017,Germany,5580,132439491.38,27309023.12,Weak
TataModel_23,2018,Germany,717,26625446.88,2569355.62,Weak
TataModel_23,2019,Germany,1997,111652600.01,18322191.66,Weak
TataModel_23,2020,Germany,397,9836909.67,2660884.07,Weak
TataModel_23,2021,Germany,3114,59481505.27,7340017.75,Weak
TataModel_23,2022,Germany,3538,133976969.4,39362433.61,Weak
TataModel_23,2023,Germany,3568,64806617.42,18197698.17,Weak
TataModel_23,2024,Germany,2597,93134996.25,27577272.39,Weak
TataModel_23,2015,France,1854,70337859.29,15579835.83,Weak
TataModel_23,2016,France,1956,121435364.13,16308769.4,Weak
TataModel_23,2017,France,6240,202332522.85,14527475.14,Weak
TataModel_23,2018,France,5114,53856004.2,14729617.15,Weak
TataModel_23,2019,France,1304,31983577.1,1640757.51,Weak
TataModel_23,2020,France,5396,140061670.58,11709155.66,Weak
TataModel_23,2021,France,1950,52841214.25,6742538.94,Weak
TataModel_23,2022,France,6460,77902344.15,7930458.63,Weak
TataModel_23,2023,France,3564,102706237.23,25738183.05,Weak
TataModel_23,2024,France,852,17022554,4856534.66,Weak
TataModel_23,2015,Australia,3310,193332461.29,42765140.44,Weak
TataModel_23,2016,Australia,4267,164500958.2,48346831.62,Weak
TataModel_23,2017,Australia,6282,251215674.31,29492720.16,Weak
TataModel_23,2018,Australia,122,8179517.05,627368.96,Weak
TataModel_23,2019,Australia,123,6478295.97,515024.53,Weak
TataModel_23,2020,Australia,5967,212877023.92,63373490.02,Weak
TataModel_23,2021,Australia,6245,380086784.29,86621778.14,Weak
TataModel_23,2022,Australia,2650,170069106.48,26445746.06,Weak
TataModel_23,2023,Australia,301,2557394.36,581807.22,Weak
TataModel_23,2024,Australia,5484,163395785.87,33594173.58,Weak
TataModel_23,2015,Japan,6777,208667328.47,36892383.67,Weak
TataModel_23,2016,Japan,425,17907712.73,2301141.09,Weak
TataModel_23,2017,Japan,4448,285988080.75,42469229.99,Weak
TataModel_23,2018,Japan,4852,179605700.34,40213716.31,Weak
TataModel_23,2019,Japan,4509,175166998.51,15537312.77,Weak
TataModel_23,2020,Japan,3166,113939456.81,21602921.01,Weak
TataModel_23,2021,Japan,6357,156462501.6,45953036.72,Weak
TataModel_23,2022,Japan,772,48748342.53,5103951.46,Weak
TataModel_23,2023,Japan,3947,31490117.87,7822145.28,Weak
TataModel_23,2024,Japan,5465,362375118.52,25728633.41,Weak
TataModel_25,2015,India,4744,204201138.21,41861233.33,Weak
TataModel_25,2016,India,2749,159482970.68,14337519.06,Weak
TataModel_25,2017,India,2623,165817192.88,36595854.47,Weak
TataModel_25,2018,India,4125,100346996.47,25969802.69,Weak
TataModel_25,2019,India,497,13211665.87,2851077.5,Weak
TataModel_25,2020,India,5967,367044135.62,75684500.76,Weak
TataModel_25,2021,India,1125,11473520.88,2902800.78,Weak
TataModel_25,2022,India,545,31635261.89,8791439.28,Weak
TataModel_25,2023,India,851,28021561.33,7400494.35,Weak
TataModel_25,2024,India,1208,13681794.63,1041184.57,Weak
TataModel_25,2015,USA,1147,14095092.57,2452546.11,Weak
TataModel_25,2016,USA,2339,74898589.18,20537193.15,Weak
TataModel_25,2017,USA,5400,263037440.1,64601995.29,Weak
TataModel_25,2018,USA,3415,106870373.89,20967967.36,Weak
TataModel_25,2019,USA,4605,207340670.47,11341534.67,Weak
TataModel_25,2020,USA,850,8203239.68,2309211.97,Weak
TataModel_25,2021,USA,3700,173509684.1,25488572.59,Weak
TataModel_25,2022,USA,5841,139610875.69,16725382.91,Weak
TataModel_25,2023,USA,6096,356455269.19,78776614.49,Weak
TataModel_25,2024,USA,1610,92236165.94,16168999.89,Weak
TataModel_25,2015,UK,2504,24359554.87,7298122.64,Weak
TataModel_25,2016,UK,2876,44813710.38,8953779.33,Weak
TataModel_25,2017,UK,6609,273255904.53,66455835.98,Weak
TataModel_25,2018,UK,1513,28198654.62,5961195.59,Weak
TataModel_25,2019,UK,1680,89715469.26,6917062.68,Weak
TataModel_25,2020,UK,978,18146602.76,1304740.74,Weak
TataModel_25,2021,UK,279,11936555.26,2697661.49,Weak
TataModel_25,2022,UK,2767,97064468.32,20140877.18,Weak
TataModel_25,2023,UK,2948,67333379.27,7144071.54,Weak
TataModel_25,2024,UK,6781,459331286.42,58518805.89,Weak
TataModel_25,2015,Germany,1297,53294526.73,5292146.5,Weak
TataModel_25,2016,Germany,1873,15591708.74,2399563.97,Weak
TataModel_25,2017,Germany,5722,242266667.75,23596773.44,Weak
TataModel_25,2018,Germany,4403,47302975.51,10113376.16,Weak
TataModel_25,2019,Germany,3041,133689258.03,30039976.28,Weak
TataModel_25,2020,Germany,5930,363575433.44,23923263.52,Weak
TataModel_25,2021,Germany,6871,458776261.2,98774529.04,Weak
TataModel_25,2022,Germany,5788,246107804.08,24807666.65,Weak
TataModel_25,2023,Germany,5632,85007260.09,6511556.12,Weak
TataModel_25,2024,Germany,298,11620797.49,1941835.26,Weak
TataModel_25,2015,France,3497,233748920.74,55024495.94,Weak
TataModel_25,2016,France,6693,331717404.19,54832886.91,Weak
TataModel_25,2017,France,2513,130564140.63,35252317.97,Weak
TataModel_25,2018,France,2611,57412825.58,14910110.8,Weak
TataModel_25,2019,France,718,23947715.5,5601370.66,Weak
TataModel_25,2020,France,4749,27610482.64,8263817.45,Weak
TataModel_25,2021,France,1609,109901841.27,25024649.26,Weak
TataModel_25,2022,France,5099,323622622.14,79514078.26,Weak
TataModel_25,2023,France,4831,203687878.24,17211625.71,Weak
TataModel_25,2024,France,6719,95547425.46,27957176.69,Weak
TataModel_25,2015,Australia,4646,47205291.66,2553806.28,Weak
TataModel_25,2016,Australia,4657,129775918.6,24177253.64,Weak
TataModel_25,2017,Australia,2311,154248538.2,37482394.78,Weak
TataModel_25,2018,Australia,6028,151473832.92,14889877.78,Weak
TataModel_25,2019,Australia,848,15446825.3,3347327.04,Weak
TataModel_25,2020,Australia,1876,17550630.75,1432131.47,Weak
TataModel_25,2021,Australia,6369,361087873.23,21412510.88,Weak
TataModel_25,2022,Australia,4705,120868917.57,30567749.25,Weak
TataModel_25,2023,Australia,5279,294280467.24,24984411.67,Weak
TataModel_25,2024,Australia,6333,329475479.23,17890518.52,Weak
TataModel_25,2015,Japan,1201,51887426.31,12925157.89,Weak
TataModel_25,2016,Japan,3331,61950641.97,3723233.58,Weak
TataModel_25,2017,Japan,924,36884001.2,4986716.96,Weak
TataModel_25,2018,Japan,2758,123067927.13,27198011.9,Weak
TataModel_25,2019,Japan,5496,41354077.48,10834768.3,Weak
TataModel_25,2020,Japan,1955,64681243.78,14708514.84,Weak
TataModel_25,2021,Japan,5114,74591311.27,19125212.21,Weak
TataModel_25,2022,Japan,286,16796295.74,1456238.84,Weak
TataModel_25,2023,Japan,6198,328110387.49,85210267.63,Weak
TataModel_25,2024,Japan,1414,19893909.45,3073609.01,Weak
TataModel_40,2015,India,3969,33134499.33,8714373.33,Weak
TataModel_40,2016,India,6026,366599522.1,38309650.06,Weak
TataModel_40,2017,India,1125,36105882.24,9997718.79,Weak
TataModel_40,2018,India,5829,105289325.15,16351432.2,Weak
TataModel_40,2019,India,3533,29918300.2,6818380.61,Weak
TataModel_40,2020,India,4077,117852941.66,31961717.78,Weak
TataModel_40,2021,India,2727,105419932.76,17120197.08,Weak
TataModel_40,2022,India,4908,207416399.33,23230636.72,Weak
TataModel_40,2023,India,6364,198102930.58,38233865.6,Weak
TataModel_40,2024,India,2642,23414704.9,2147128.44,Weak
TataModel_40,2015,USA,1690,80072279.66,13476164.67,Weak
TataModel_40,2016,USA,1453,93080433.99,8321390.8,Weak
TataModel_40,2017,USA,6071,110385017.6,20244612.23,Weak
TataModel_40,2018,USA,1354,71762985.2,3789085.62,Weak
TataModel_40,2019,USA,3128,197114871.11,11945161.19,Weak
TataModel_40,2020,USA,3429,82138493.19,9716983.74,Weak
TataModel_40,2021,USA,820,19140999.11,3837770.32,Weak
TataModel_40,2022,USA,5266,128712945.41,7156439.76,Weak
TataModel_40,2023,USA,4610,35538482.5,5554664.81,Weak
TataModel_40,2024,USA,3353,162054486.37,26836222.94,Weak
TataModel_40,2015,UK,6151,244037491.18,64621127.67,Weak
TataModel_40,2016,UK,3919,46858419.86,13453052.34,Weak
TataModel_40,2017,UK,4666,61422264.48,14606214.49,Weak
TataModel_40,2018,UK,5329,369001420.8,69298466.83,Weak
TataModel_40,2019,UK,6823,119081598.47,20672565.49,Weak
TataModel_40,2020,UK,6987,442333419.32,95588251.91,Weak
TataModel_40,2021,UK,970,64085013.41,18860219.45,Weak
TataModel_40,2022,UK,2115,51727559.56,5767622.89,Weak
TataModel_40,2023,UK,1145,38392642.83,9521375.42,Weak
TataModel_40,2024,UK,3074,157175367.41,29313206.02,Weak
TataModel_40,2015,Germany,6194,183728361.53,23829568.49,Weak
TataModel_40,2016,Germany,4870,175866434.09,32974956.39,Weak
TataModel_40,2017,Germany,1033,10423451.78,1808468.88,Weak
TataModel_40,2018,Germany,3212,99863708.58,18305017.78,Weak
TataModel_40,2019,Germany,4670,304807311.95,80164323.04,Weak
TataModel_40,2020,Germany,4045,100925529.59,27996741.91,Weak
TataModel_40,2021,Germany,2725,77333296.36,9102128.98,Weak
TataModel_40,2022,Germany,2405,99718092.25,29805737.77,Weak
TataModel_40,2023,Germany,2588,103088681.84,27266956.35,Weak
TataModel_40,2024,Germany,5185,32741307.23,8820508.17,Weak
TataModel_40,2015,France,5174,240214056.07,25462689.94,Weak
TataModel_40,2016,France,3572,38098264.68,5760457.62,Weak
TataModel_40,2017,France,6125,284411220.83,38367073.69,Weak
TataModel_40,2018,France,2319,162209467.1,17096877.83,Weak
TataModel_40,2019,France,686,32441870.26,4713803.75,Weak
TataModel_40,2020,France,114,6775156.06,1166004.36,Weak
TataModel_40,2021,France,6127,299531542.31,19080159.25,Weak
TataModel_40,2022,France,2939,56023749.39,6711645.18,Weak
TataModel_40,2023,France,5167,86972130.56,19916617.9,Weak
TataModel_40,2024,France,4991,248563839.87,69299598.55,Weak
TataModel_40,2015,Australia,3866,101136186.09,5208513.58,Weak
TataModel_40,2016,Australia,2506,67697030.08,4677864.78,Weak
TataModel_40,2017,Australia,3305,167307296.02,22318793.29,Weak
TataModel_40,2018,Australia,204,7214119.09,1120352.7,Weak
TataModel_40,2019,Australia,2191,44483635.84,10053301.7,Weak
TataModel_40,2020,Australia,4267,139749947.75,28313339.41,Weak
TataModel_40,2021,Australia,949,18420782.66,3505474.94,Weak
TataModel_40,2022,Australia,6380,285804061.82,56760686.68,Weak
TataModel_40,2023,Australia,5940,285589341.52,43723728.19,Weak
TataModel_40,2024,Australia,3226,116844981.11,28965870.82,Weak
TataModel_40,2015,Japan,5730,280342714.09,28426751.21,Weak
TataModel_40,2016,Japan,1178,31785180.59,3559940.23,Weak
TataModel_40,2017,Japan,6354,121289583.78,26356226.56,Weak
TataModel_40,2018,Japan,1458,18803269.13,4142360.19,Weak
TataModel_40,2019,Japan,2588,31575978.37,8844431.54,Weak
TataModel_40,2020,Japan,3947,246736196.86,38466173.09,Weak
TataModel_40,2021,Japan,3290,43939753.08,7922337.48,Weak
TataModel_40,2022,Japan,2906,117148073.8,6407999.64,Weak
TataModel_40,2023,Japan,4364,163535701.37,8929049.29,Weak
TataModel_40,2024,Japan,2817,173795489.05,51512982.95,Weak
TataModel_28,2015,India,2532,141014616.27,8460876.98,Weak
TataModel_28,2016,India,6462,262507256.21,31395867.84,Weak
TataModel_28,2017,India,4167,22186099.02,2094367.75,Weak
TataModel_28,2018,India,1510,62628470.44,7283691.11,Weak
TataModel_28,2019,India,6428,355662831.74,82869439.8,Weak
TataModel_28,2020,India,6507,296354696.94,73021797.33,Weak
TataModel_28,2021,India,4563,265524632.18,50184155.48,Weak
TataModel_28,2022,India,5901,125402171.72,13317710.64,Weak
TataModel_28,2023,India,5035,233221578.08,37735251.33,Weak
TataModel_28,2024,India,5482,234653115.88,60587434.52,Weak
TataModel_28,2015,USA,2480,58118877.05,11321557.25,Weak
TataModel_28,2016,USA,5850,271873582.46,27105796.17,Weak
TataModel_28,2017,USA,2160,144118264.66,18303019.61,Weak
TataModel_28,2018,USA,4017,78866376.66,13699089.63,Weak
TataModel_28,2019,USA,4292,295224632.71,53553748.37,Weak
TataModel_28,2020,USA,2054,113503638.01,8705729.04,Weak
TataModel_28,2021,USA,810,40396082.45,8741712.24,Weak
TataModel_28,2022,USA,1432,79061997.47,12586670,Weak
TataModel_28,2023,USA,1400,47518395.22,13875371.4,Weak
TataModel_28,2024,USA,5549,83313704.17,5490373.1,Weak
TataModel_28,2015,UK,1139,79684673.9,5275125.41,Weak
TataModel_28,2016,UK,708,5445154.61,1555136.16,Weak
TataModel_28,2017,UK,6373,299368533.93,65232403.54,Weak
TataModel_28,2018,UK,6492,229442727.18,60641712.79,Weak
TataModel_28,2019,UK,313,20617217.39,6148054.23,Weak
TataModel_28,2020,UK,6244,197612186.56,43672293.23,Weak
TataModel_28,2021,UK,1839,11043257.81,2416264.81,Weak
TataModel_28,2022,UK,170,2686473.3,529503.89,Weak
TataModel_28,2023,UK,5623,252722985.42,73542388.76,Weak
TataModel_28,2024,UK,4925,83745783.7,22678358.23,Weak
TataModel_28,2015,Germany,1444,69027920.33,5660289.47,Weak
TataModel_28,2016,Germany,6417,248352104.81,71525406.18,Weak
TataModel_28,2017,Germany,3597,97631974.35,21859799.06,Weak
TataModel_28,2018,Germany,3702,64153593.8,13921329.86,Weak
TataModel_28,2019,Germany,561,5630896.76,1473605.68,Weak
TataModel_28,2020,Germany,793,30514567.57,1626426.45,Weak
TataModel_28,2021,Germany,4381,236991827.81,13650729.28,Weak
TataModel_28,2022,Germany,3683,64719452.57,8407056.89,Weak
TataModel_28,2023,Germany,491,17579545.64,1170797.74,Weak
TataModel_28,2024,Germany,1408,70770431.36,6836423.67,Weak
TataModel_28,2015,France,2463,135888089.85,16252215.55,Weak
TataModel_28,2016,France,4916,342470344.45,29657931.83,Weak
TataModel_28,2017,France,1363,69963048.04,6142755.62,Weak
TataModel_28,2018,France,1145,42793927.95,3847174.12,Weak
TataModel_28,2019,France,3104,94831910.24,8904716.37,Weak
TataModel_28,2020,France,3492,243426491.3,13583198.21,Weak
TataModel_28,2021,France,804,16422159.86,2980622.01,Weak
TataModel_28,2022,France,2032,34511477.68,5753063.33,Weak
TataModel_28,2023,France,120,6767302.66,364080.88,Weak
TataModel_28,2024,France,2463,157082976.77,13430594.51,Weak
TataModel_28,2015,Australia,708,8752016.53,709788.54,Weak
TataModel_28,2016,Australia,3858,41210575.54,6886287.17,Weak
TataModel_28,2017,Australia,2074,63579769.8,3325221.96,Weak
TataModel_28,2018,Australia,3797,152618199.14,20328744.13,Weak
TataModel_28,2019,Australia,6919,484070377.81,116370518.82,Weak
TataModel_28,2020,Australia,5685,41419393.64,9335931.33,Weak
TataModel_28,2021,Australia,1321,87780248.88,7399874.98,Weak
TataModel_28,2022,Australia,4279,73818186.03,7492545.88,Weak
TataModel_28,2023,Australia,3145,109672332.69,8949262.35,Weak
TataModel_28,2024,Australia,2564,177775832.79,39057350.46,Weak
TataModel_28,2015,Japan,4907,249220144.59,62404724.21,Weak
TataModel_28,2016,Japan,5978,200215154.17,35157781.07,Weak
TataModel_28,2017,Japan,6554,154940330.79,17973078.37,Weak
TataModel_28,2018,Japan,2241,150180239.27,13005608.72,Weak
TataModel_28,2019,Japan,2293,88007516.07,18296762.59,Weak
TataModel_28,2020,Japan,2875,186352787.85,40550366.64,Weak
TataModel_28,2021,Japan,4885,122667972.3,28876040.68,Weak
TataModel_28,2022,Japan,6837,416485563.46,39232940.08,Weak
TataModel_28,2023,Japan,360,10932136.68,3099260.75,Weak
TataModel_28,2024,Japan,531,22006378.27,6080362.32,Weak
TataModel_26,2020,India,5636,123626982.76,30993284.58,Weak
TataModel_26,2021,India,2561,165270400.55,43284317.9,Weak
TataModel_26,2022,India,3683,41319121.77,7767994.89,Weak
TataModel_26,2023,India,6464,155989354.26,11808394.12,Weak
TataModel_26,2024,India,2018,22474686.39,6564855.9,Weak
TataModel_26,2015,USA,1937,97500036.55,20231257.58,Weak
TataModel_26,2016,USA,399,9857883.13,1907500.39,Weak
TataModel_26,2017,USA,4813,102412147.06,28521782.96,Weak
TataModel_26,2018,USA,5165,293603309.73,22049608.56,Weak
TataModel_26,2019,USA,4476,144536026.16,8397543.12,Weak
TataModel_26,2020,USA,4735,98460319.16,17752395.54,Weak
TataModel_26,2021,USA,5093,188177562.2,49302521.3,Weak
TataModel_26,2022,USA,2728,164040791.03,21292494.68,Weak
TataModel_26,2023,USA,883,34425665.61,3012245.74,Weak
TataModel_26,2024,USA,5464,38552361.48,6145246.42,Weak
TataModel_26,2015,UK,1325,33387290.07,2670983.21,Weak
TataModel_26,2016,UK,6843,419484033.13,22903828.21,Weak
TataModel_26,2017,UK,597,6186414.57,1430299.05,Weak
TataModel_26,2018,UK,4448,227488194.98,64447405.64,Weak
TataModel_26,2019,UK,2005,60274154.1,4092615.06,Weak
TataModel_26,2020,UK,2857,80278255.1,16729988.36,Weak
TataModel_26,2021,UK,1019,34178128.62,5923069.69,Weak
TataModel_26,2022,UK,1173,19969798.6,1543665.43,Weak
TataModel_26,2023,UK,221,4885171.68,1225689.57,Weak
TataModel_26,2024,UK,4359,141369792.79,26690616.88,Weak
TataModel_26,2015,Germany,1718,113100760.2,9127231.35,Weak
TataModel_26,2016,Germany,1921,109051068.99,17099207.62,Weak
TataModel_26,2017,Germany,5373,217759661.45,13043803.72,Weak
TataModel_26,2018,Germany,282,13963036.11,2291334.23,Weak
TataModel_26,2019,Germany,2339,100732264.33,10989890.04,Weak
TataModel_26,2020,Germany,757,49148810.08,11997224.54,Weak
TataModel_26,2021,Germany,1607,81132616.57,4283802.16,Weak
TataModel_26,2022,Germany,5862,247125639.37,65957833.15,Weak
TataModel_26,2023,Germany,1401,69790169.95,5897269.36,Weak
TataModel_26,2024,Germany,5373,342682431.3,37660799.2,Weak
TataModel_26,2015,France,2301,130263305.81,21050550.22,Weak
TataModel_26,2016,France,3947,234703414.15,60013663,Weak
TataModel_26,2017,France,1900,51047171.69,4180763.36,Weak
TataModel_26,2018,France,2160,116498590.99,27295619.87,Weak
TataModel_26,2019,France,2141,10830440.97,1318064.67,Weak
TataModel_26,2020,France,6049,177078434.92,12005917.89,Weak
TataModel_26,2021,France,1107,19881033.72,1326064.95,Weak
TataModel_26,2022,France,4779,187179441.52,29480762.04,Weak
TataModel_26,2023,France,6472,432743548.92,48467277.48,Weak
TataModel_26,2024,France,6946,351584840.33,46514674.38,Weak
TataModel_26,2015,Australia,202,4285792.09,495008.99,Weak
TataModel_26,2016,Australia,3840,119770724.4,29283942.12,Weak
TataModel_26,2017,Australia,4729,122593611.64,8360884.31,Weak
TataModel_26,2018,Australia,5761,277669728.87,52896083.35,Weak
TataModel_26,2019,Australia,2698,95962734.05,21236553.04,Weak
TataModel_26,2020,Australia,6074,78739884.13,22417245.01,Weak
TataModel_26,2021,Australia,2785,114426311.08,34202024.38,Weak
TataModel_26,2022,Australia,2121,137551324.61,31347946.88,Weak
TataModel_26,2023,Australia,1980,69827033.84,8169762.96,Weak
TataModel_26,2024,Australia,153,4745111,1227560.21,Weak
TataModel_26,2015,Japan,6999,163048379.41,41397983.53,Weak
TataModel_26,2016,Japan,356,6868199.68,1930650.93,Weak
TataModel_26,2017,Japan,4705,112750911.79,6866530.53,Weak
TataModel_26,2018,Japan,6638,406454421.41,37149934.12,Weak
TataModel_26,2019,Japan,5214,26654885.98,2921375.5,Weak
TataModel_26,2020,Japan,2588,102367484.5,9458755.57,Weak
TataModel_26,2021,Japan,6965,155719907.8,37201485.97,Weak
TataModel_26,2022,Japan,4369,89599425.84,5160926.93,Weak
TataModel_26,2023,Japan,3590,151504359.38,43890812.91,Weak
TataModel_26,2024,Japan,4155,107045212.33,13316424.41,Weak
TataModel_26,2015,India,4378,284568111.13,30676442.38,Weak
TataModel_26,2016,India,4835,33688726.86,3048829.78,Weak
TataModel_26,2017,India,3866,83279479,18729554.83,Weak
TataModel_26,2018,India,5266,124381802.13,21194659.08,Weak
TataModel_26,2019,India,5569,315541290.82,68598676.63,Weak
TataModel_47,2015,India,5510,247791216.76,16255103.82,Star
TataModel_47,2016,India,5531,337642831.01,53685210.13,Star
TataModel_47,2017,India,173,1873177.49,365831.56,Star
TataModel_47,2018,India,472,14200355.1,2201055.04,Star
TataModel_47,2019,India,2093,138159454.25,41005726.02,Star
TataModel_47,2020,India,6453,435865219.83,50691125.07,Star
TataModel_47,2021,India,2736,24524109.42,3060608.86,Star
TataModel_47,2022,India,281,10402648.37,1557276.46,Star
TataModel_47,2023,India,5270,286095798.95,16564946.76,Star
TataModel_47,2024,India,3050,75540028.59,14904047.64,Star
TataModel_47,2015,USA,6972,235239814.69,59515673.12,Star
TataModel_47,2016,USA,6292,323325233.84,36018431.05,Star
TataModel_47,2017,USA,3993,60357975.14,13308933.52,Star
TataModel_47,2018,USA,5523,215868054.07,48483964.94,Star
TataModel_47,2019,USA,6085,252282079.51,57848280.83,Star
TataModel_47,2020,USA,1876,122740193.07,6922546.89,Star
TataModel_47,2021,USA,4193,228878831.83,62987454.52,Star
TataModel_47,2022,USA,4515,191283986.11,33187771.59,Star
TataModel_47,2023,USA,2482,116018107.97,8260489.29,Star
TataModel_47,2024,USA,491,4938597.67,891910.74,Star
TataModel_47,2015,UK,6537,190673119.92,20325754.58,Star
TataModel_47,2016,UK,5577,319248215.2,61136033.21,Star
TataModel_47,2017,UK,6755,44777656.81,12443710.83,Star
TataModel_47,2018,UK,6479,416352168.12,84894207.08,Star
TataModel_47,2019,UK,6123,93674517.67,10547750.69,Star
TataModel_47,2020,UK,830,50129106.75,4396322.66,Star
TataModel_47,2021,UK,4790,318176942.12,33122219.67,Star
TataModel_47,2022,UK,3357,133627534.39,36453591.38,Star
TataModel_47,2023,UK,4786,90664740.44,13617844.01,Star
TataModel_47,2024,UK,6212,61145547.35,17811697.94,Star
TataModel_47,2015,Germany,6253,82550797.52,12547721.22,Star
TataModel_47,2016,Germany,1204,22634693.5,1824356.3,Star
TataModel_47,2017,Germany,1922,96133645.34,13660591,Star
TataModel_47,2018,Germany,1647,25263660.66,4885991.97,Star
TataModel_47,2019,Germany,6607,346190779.61,74846446.55,Star
TataModel_47,2020,Germany,4949,308051941.79,22888259.27,Star
TataModel_47,2021,Germany,929,45298954.4,4425707.84,Star
TataModel_47,2022,Germany,1886,17790549.6,3846316.82,Star
TataModel_47,2023,Germany,6827,356421560.49,68040875.9,Star
TataModel_47,2024,Germany,6295,262504263.37,78226270.49,Star
TataModel_47,2015,France,1708,94961447.39,11433358.27,Star
TataModel_47,2016,France,3374,162436380.95,21311653.18,Star
TataModel_47,2017,France,6039,153226694.85,40497815.45,Star
TataModel_47,2018,France,1154,27017504.25,7513567.93,Star
TataModel_47,2019,France,6389,159711008.51,25905125.58,Star
TataModel_47,2020,France,1107,77113585.65,16224698.42,Star
TataModel_47,2021,France,3292,214883084.23,12914473.36,Star
TataModel_47,2022,France,3307,213212003.34,44667914.7,Star
TataModel_47,2023,France,780,20898824.98,3970776.75,Star
TataModel_47,2024,France,3710,97690490.49,10531034.87,Star
TataModel_47,2015,Australia,6415,447598111.65,57382077.91,Star
TataModel_47,2016,Australia,4720,244173254.93,24661498.75,Star
TataModel_47,2017,Australia,6566,394083404.02,59861269.07,Star
TataModel_47,2018,Australia,893,53636412.27,9654554.21,Star
TataModel_47,2019,Australia,2193,127215939.32,20379993.48,Star
TataModel_47,2020,Australia,2179,66445662.16,3933583.2,Star
TataModel_47,2021,Australia,4673,34369979.68,7190199.75,Star
TataModel_47,2022,Australia,5580,67478334.53,17024783.8,Star
TataModel_47,2023,Australia,4606,33931856.22,7125689.81,Star
TataModel_47,2024,Australia,2617,152482834.36,14516365.83,Star
TataModel_47,2015,Japan,589,17945352.64,2955599.58,Star
TataModel_47,2016,Japan,2685,160167612.36,13390012.39,Star
TataModel_47,2017,Japan,3609,129312938.28,16823613.27,Star
TataModel_47,2018,Japan,6738,70027938.27,16407545.94,Star
TataModel_47,2019,Japan,2417,97263376.86,15105002.43,Star
TataModel_47,2020,Japan,4304,48147907.55,5368491.69,Star
TataModel_47,2021,Japan,2645,170570878.57,48032759.41,Star
TataModel_47,2022,Japan,4535,99941251.92,9644330.81,Star
TataModel_47,2023,Japan,4112,111371732.93,24546329.94,Star
TataModel_47,2024,Japan,4657,137072256.24,27030648.93,Star
TataModel_21,2015,India,1803,87399348.89,4798224.25,Niche
TataModel_21,2016,India,3488,188518899.19,18569111.57,Niche
TataModel_21,2017,India,2987,155608674.31,28569752.6,Niche
TataModel_21,2018,India,1679,78768215.07,16368035.09,Niche
TataModel_21,2019,India,273,18402211.12,1284474.34,Niche
TataModel_21,2020,India,1345,88695262.18,12914030.17,Niche
TataModel_21,2021,India,5442,79509711.72,18199773.01,Niche
TataModel_21,2022,India,140,6279686.58,324031.83,Niche
TataModel_21,2023,India,1967,116654196.72,10358892.67,Niche
TataModel_21,2024,India,5596,379038575.04,94608028.33,Niche
TataModel_21,2015,USA,4508,102920603.7,11794701.18,Niche
TataModel_21,2016,USA,4392,55760873.6,16237566.39,Niche
TataModel_21,2017,USA,1645,101929873.93,20885431.17,Niche
TataModel_21,2018,USA,2940,72216354.46,19960600.37,Niche
TataModel_21,2019,USA,2153,141348499.84,17824045.83,Niche
TataModel_21,2020,USA,1447,76294964.82,14435007.34,Niche
TataModel_21,2021,USA,2121,142014934.11,34452823.02,Niche
TataModel_21,2022,USA,263,4704799.87,1031292.13,Niche
TataModel_21,2023,USA,6349,233328806.81,43422490.95,Niche
TataModel_21,2024,USA,1735,86573615.6,10951562.37,Niche
TataModel_21,2015,UK,1165,24091568.42,6083121.03,Niche
TataModel_21,2016,UK,5877,274536097.57,67343704.73,Niche
TataModel_21,2017,UK,5588,302003092.77,61276427.52,Niche
TataModel_21,2018,UK,5936,357213245.95,36149980.49,Niche
TataModel_21,2019,UK,1723,30151663.75,7067549.98,Niche
TataModel_21,2020,UK,3523,75527691.6,13481692.95,Niche
TataModel_21,2021,UK,4138,87593669.21,17693921.18,Niche
TataModel_21,2022,UK,221,7986412.33,2150740.84,Niche
TataModel_21,2023,UK,5866,85693803.28,24242776.95,Niche
TataModel_21,2024,UK,6046,188029448.99,27659131.95,Niche
TataModel_21,2015,Germany,2971,130077965.75,11772055.9,Niche
TataModel_21,2016,Germany,3848,235739383.62,25766314.63,Niche
TataModel_21,2017,Germany,736,25493860.03,3186732.5,Niche
TataModel_21,2018,Germany,5913,121604225.83,34122145.77,Niche
TataModel_21,2019,Germany,4720,322388542.96,71376823.41,Niche
TataModel_21,2020,Germany,5162,361122483.41,64352026.54,Niche
TataModel_21,2021,Germany,6477,449117403.1,121531169.28,Niche
TataModel_21,2022,Germany,3446,235615308.64,46863884.89,Niche
TataModel_21,2023,Germany,981,16783667.4,971774.34,Niche
TataModel_21,2024,Germany,3650,27654540.8,5945726.27,Niche
TataModel_21,2015,France,1257,44461972.94,2787765.7,Niche
TataModel_21,2016,France,910,59780631.11,15088631.29,Niche
TataModel_21,2017,France,1728,42697599.22,7681298.1,Niche
TataModel_21,2018,France,4963,104854157.27,7717265.97,Niche
TataModel_21,2019,France,606,12589137.42,990765.12,Niche
TataModel_21,2020,France,5404,111240311.54,10923798.59,Niche
TataModel_21,2021,France,430,4452123.25,758641.8,Niche
TataModel_21,2022,France,118,2947510.57,427683.78,Niche
TataModel_21,2023,France,1161,33364878.21,4614362.66,Niche
TataModel_21,2024,France,2452,119049911.69,23714742.41,Niche
TataModel_21,2015,Australia,246,2205368.03,166505.29,Niche
TataModel_21,2016,Australia,2375,128470273.27,29278375.28,Niche
TataModel_21,2017,Australia,3363,185368599.81,50049521.95,Niche
TataModel_21,2018,Australia,375,2926337.36,589949.61,Niche
TataModel_21,2019,Australia,1881,130044182.56,34162606.76,Niche
TataModel_21,2020,Australia,1825,33200971.32,6656794.75,Niche
TataModel_21,2021,Australia,3017,147399401.45,9138762.89,Niche
TataModel_21,2022,Australia,6489,58904248.82,7333578.98,Niche
TataModel_21,2023,Australia,3468,188356175.07,12958904.85,Niche
TataModel_21,2024,Australia,5624,204286924.27,40407953.62,Niche
TataModel_21,2015,Japan,5579,346739317.31,95145268.67,Niche
TataModel_21,2016,Japan,5825,354316004.37,46344533.37,Niche
TataModel_21,2017,Japan,4661,283607135.19,24163327.92,Niche
TataModel_21,2018,Japan,5293,276317865.18,77866374.41,Niche
TataModel_21,2019,Japan,483,21830395.77,4822334.42,Niche
TataModel_21,2020,Japan,372,5888324.2,1583370.38,Niche
TataModel_21,2021,Japan,6557,387670964.74,81604738.08,Niche
TataModel_21,2022,Japan,3702,224517343.03,13875171.8,Niche
TataModel_21,2023,Japan,5653,190912558.01,44100800.9,Niche
TataModel_21,2024,Japan,1113,71523106.73,9283699.25,Niche
TataModel_24,2015,India,4268,278365451.63,56007128.87,Weak
TataModel_24,2016,India,4289,206982237.87,51166009.2,Weak
TataModel_24,2017,India,4368,247559833.3,49388186.74,Weak
TataModel_24,2018,India,4291,242816626.98,66701727.43,Weak
TataModel_24,2019,India,938,18139442.96,2806171.83,Weak
TataModel_24,2020,India,665,5207218.66,1448648.23,Weak
TataModel_24,2021,India,133,3095187.73,814962.93,Weak
TataModel_24,2022,India,4590,151950559.12,8889107.71,Weak
TataModel_24,2023,India,5321,285957186.45,42607620.78,Weak
TataModel_24,2024,India,2626,127942996.36,30603964.73,Weak
TataModel_24,2015,USA,6299,154469208.73,26769513.87,Weak
TataModel_24,2016,USA,3819,262497503.32,26564747.34,Weak
TataModel_24,2017,USA,3346,108515704.01,14378330.78,Weak
TataModel_24,2018,USA,1107,37468760.5,4938382.63,Weak
TataModel_24,2019,USA,4395,163457985.67,26856147.04,Weak
TataModel_24,2020,USA,1624,56792124,11244840.55,Weak
TataModel_24,2021,USA,3213,113880762.76,18699221.25,Weak
TataModel_24,2022,USA,177,4015157.37,638811.54,Weak
TataModel_24,2023,USA,1263,49084233.2,4353771.49,Weak
TataModel_24,2024,USA,6186,154447044.74,8942483.89,Weak
TataModel_24,2015,UK,4502,212562837.09,36050657.17,Weak
TataModel_24,2016,UK,1329,51079957.46,5021159.82,Weak
TataModel_24,2017,UK,6334,199911393.6,16652619.09,Weak
TataModel_24,2018,UK,4334,236666798.51,33441018.63,Weak
TataModel_24,2019,UK,283,9953992.05,1775792.18,Weak
TataModel_24,2020,UK,430,22640646.1,5168859.5,Weak
TataModel_24,2021,UK,123,3059167.47,463769.79,Weak
TataModel_24,2022,UK,4974,160356297.36,15538525.21,Weak
TataModel_24,2023,UK,1915,54646410.94,11273554.58,Weak
TataModel_24,2024,UK,372,10760935.42,1785239.19,Weak
TataModel_24,2015,Germany,2843,18187745.19,1860606.33,Weak
TataModel_24,2016,Germany,624,16950255.33,2971379.76,Weak
TataModel_24,2017,Germany,2111,45935171.14,8824146.38,Weak
TataModel_24,2018,Germany,341,8114366.38,1415145.5,Weak
TataModel_24,2019,Germany,4493,82147743.08,12724685.4,Weak
TataModel_24,2020,Germany,2424,89736226.26,20190650.91,Weak
TataModel_24,2021,Germany,3477,243280297.46,61160666.78,Weak
TataModel_24,2022,Germany,2105,54681236.63,4265136.46,Weak
TataModel_24,2023,Germany,3410,182919767.28,14725041.27,Weak
TataModel_24,2024,Germany,2308,25747768.5,2968717.71,Weak
TataModel_24,2015,France,2653,140475526.51,40485046.74,Weak
TataModel_24,2016,France,467,31009144.85,2533447.13,Weak
TataModel_24,2017,France,284,6663087.28,1148716.25,Weak
TataModel_24,2018,France,899,11602625.22,3387966.57,Weak
TataModel_24,2019,France,6124,178633764.32,38227625.56,Weak
TataModel_24,2020,France,6944,42735601.87,8192414.88,Weak
TataModel_24,2021,France,6113,169244466.02,38587738.25,Weak
TataModel_24,2022,France,5637,128637383.79,28351679.39,Weak
TataModel_24,2023,France,6469,423123560.66,71846380.6,Weak
TataModel_24,2024,France,1464,9352947.51,1889295.4,Weak
TataModel_24,2015,Australia,983,24582309.59,3148993.86,Weak
TataModel_24,2016,Australia,6210,384080619.56,89682824.67,Weak
TataModel_24,2017,Australia,5896,45134700.39,6025482.5,Weak
TataModel_24,2018,Australia,6259,165786866.36,28117452.53,Weak
TataModel_24,2019,Australia,829,42264713.98,11056449.18,Weak
TataModel_24,2020,Australia,519,16909583.08,1902328.1,Weak
TataModel_24,2021,Australia,4849,243009067.23,69719301.39,Weak
TataModel_24,2022,Australia,5156,38426151.01,5310494.07,Weak
TataModel_24,2023,Australia,1860,35426341.91,5150990.11,Weak
TataModel_24,2024,Australia,6309,79325359.01,9281067,Weak
TataModel_24,2015,Japan,6407,281121175.93,29714508.3,Weak
TataModel_24,2016,Japan,4216,46997342.01,9831843.95,Weak
TataModel_24,2017,Japan,5393,70098879.57,11005524.09,Weak
TataModel_24,2018,Japan,4739,301584583.58,27052137.15,Weak
TataModel_24,2019,Japan,4058,139565860.56,12937755.27,Weak
TataModel_24,2020,Japan,1667,47538254.47,4582687.73,Weak
TataModel_24,2021,Japan,6285,330698120.49,42593917.92,Weak
TataModel_24,2022,Japan,5734,29361571.68,3784706.59,Weak
TataModel_24,2023,Japan,3266,130580541.78,16427032.16,Weak
TataModel_24,2024,Japan,2386,25441181.78,6222913.06,Weak
TataModel_39,2015,India,4517,102064340.96,21147731.45,Star
TataModel_39,2016,India,5388,214147778.51,49982091.5,Star
TataModel_39,2017,India,5365,204380378.87,39179718.63,Star
TataModel_39,2018,India,2082,129406173.62,36725472.07,Star
TataModel_39,2019,India,6341,120068924.68,18058366.27,Star
TataModel_39,2020,India,3567,229838611.29,38796757.59,Star
TataModel_39,2021,India,337,11727241.94,2354830.18,Star
TataModel_39,2022,India,5169,146564061.51,12267411.95,Star
TataModel_39,2023,India,5315,118078359.99,28870159.02,Star
TataModel_39,2024,India,6352,172376538.52,42577005.02,Star
TataModel_39,2015,USA,105,3563695.11,538830.7,Star
TataModel_39,2016,USA,6535,344581280.01,98963743.62,Star
TataModel_39,2017,USA,5294,171044813.42,29060513.8,Star
TataModel_39,2018,USA,2167,20203467.08,4058876.54,Star
TataModel_39,2019,USA,5590,289040388.11,54657537.39,Star
TataModel_39,2020,USA,4465,245584727.31,24091861.75,Star
TataModel_39,2021,USA,1984,77984382.47,6012595.89,Star
TataModel_39,2022,USA,439,15638292.31,3349722.21,Star
TataModel_39,2023,USA,5820,154420900.68,41477453.92,Star
TataModel_39,2024,USA,2110,37256297.95,2861283.68,Star
